Hour,Minute,Second,Lon,Lat,Speed,SpeedDirection,HeadingDirection
04,43,29.40,177698.3318949,2500798.2772251,0.022,15.216,264.707
04,43,29.60,177698.3319299,2500798.2773725,0.021,15.113,264.723
04,43,29.80,177698.331982,2500798.2775199,0.032,0.266,264.818
04,43,30.00,177698.332017,2500798.2776859,0.009,0.000,264.739
04,43,30.20,177698.3320691,2500798.2778333,0.009,0.000,264.704
04,43,30.40,177698.3321042,2500798.2779992,0.016,163.430,264.802
04,43,30.60,177698.3321563,2500798.2781466,0.031,180.959,264.931
04,43,30.80,177698.3321913,2500798.2782941,0.016,188.557,264.757
04,43,31.00,177698.3322434,2500798.27846,0.018,184.500,264.677
04,43,31.20,177698.3322784,2500798.2786074,0.022,193.587,265.123
04,43,31.40,177698.3323305,2500798.2787549,0.014,184.189,265.036
04,43,31.60,177698.3323655,2500798.2789023,0.008,0.000,265.039
04,43,31.80,177698.3324176,2500798.2790497,0.003,0.000,264.919
04,43,32.00,177698.3324526,2500798.2791972,0.013,85.149,265.196
04,43,32.20,177698.3325047,2500798.2793446,0.025,65.905,264.918
04,43,32.40,177698.3325396,2500798.2794921,0.022,47.210,264.742
04,43,32.60,177698.3325917,2500798.2796395,0.022,55.972,264.675
04,43,32.80,177698.3326438,2500798.2797869,0.008,0.000,264.818
04,43,33.00,177698.3326959,2500798.2799343,0.002,0.000,264.699
04,43,33.20,177698.332748,2500798.2800817,0.007,0.000,264.616
04,43,33.40,177698.3328002,2500798.2802476,0.009,0.000,264.942
04,43,33.60,177698.3328523,2500798.280395,0.015,207.955,264.847
04,43,33.80,177698.3329044,2500798.2805424,0.015,177.019,264.837
04,43,34.00,177698.3329565,2500798.2806898,0.023,208.110,264.794
04,43,34.20,177698.3330086,2500798.2808372,0.029,183.719,264.701
04,43,34.40,177698.3330607,2500798.2809846,0.037,197.743,264.618
04,43,34.60,177698.3331129,2500798.281132,0.035,186.095,264.609
04,43,34.80,177698.3331649,2500798.2812609,0.031,201.335,264.995
04,43,35.00,177698.333217,2500798.2814083,0.012,186.077,264.861
04,43,35.20,177698.3332691,2500798.2815557,0.003,0.000,265.080
04,43,35.40,177698.3333211,2500798.2816847,0.017,16.411,265.008
04,43,35.60,177698.3333732,2500798.2818321,0.015,334.414,264.921
04,43,35.80,177698.3334252,2500798.281961,0.019,338.503,264.899
04,43,36.00,177698.3334602,2500798.2821085,0.021,325.014,265.044
04,43,36.20,177698.3335123,2500798.2822559,0.020,326.998,265.079
04,43,36.40,177698.3335644,2500798.2824033,0.020,4.748,264.779
04,43,36.60,177698.3336165,2500798.2825507,0.013,343.591,265.040
04,43,36.80,177698.3336686,2500798.2826981,0.007,0.000,264.964
04,43,37.00,177698.3337207,2500798.2828455,0.007,0.000,264.967
04,43,37.20,177698.3337729,2500798.2830114,0.007,0.000,264.827
04,43,37.40,177698.3338078,2500798.2831589,0.026,180.390,264.894
04,43,37.60,177698.33386,2500798.2833063,0.030,180.084,264.887
04,43,37.80,177698.3339121,2500798.2834537,0.034,175.299,264.760
04,43,38.00,177698.3339641,2500798.2835826,0.033,188.926,264.667
04,43,38.20,177698.3340162,2500798.28373,0.034,199.252,264.872
04,43,38.40,177698.3340682,2500798.283859,0.027,197.428,264.860
04,43,38.60,177698.3341202,2500798.2839879,0.014,218.360,264.813
04,43,38.80,177698.3341723,2500798.2841353,0.013,355.638,264.746
04,43,39.00,177698.3342243,2500798.2842642,0.041,22.966,264.761
04,43,39.20,177698.3342764,2500798.2844116,0.029,26.635,264.913
04,43,39.40,177698.3343284,2500798.2845406,0.026,4.287,264.820
04,43,39.60,177698.3343805,2500798.284688,0.031,21.783,264.550
04,43,39.80,177698.3344327,2500798.2848354,0.024,344.383,264.901
04,43,40.00,177698.3344848,2500798.2849828,0.024,330.560,264.748
04,43,40.20,177698.3345369,2500798.2851302,0.025,344.085,264.642
04,43,40.40,177698.334589,2500798.2852961,0.014,314.426,264.682
04,43,40.60,177698.3346412,2500798.2854435,0.011,225.728,264.763
04,43,40.80,177698.3346933,2500798.2856093,0.032,183.540,264.574
04,43,41.00,177698.3347454,2500798.2857567,0.032,192.618,264.554
04,43,41.20,177698.3347975,2500798.2859041,0.045,174.866,264.601
04,43,41.40,177698.3348497,2500798.2860515,0.037,183.270,264.585
04,43,41.60,177698.3349018,2500798.2861989,0.018,168.423,264.498
04,43,41.80,177698.3349709,2500798.2863278,0.009,0.000,264.451
04,43,42.00,177698.335023,2500798.2864752,0.013,186.964,264.761
04,43,42.20,177698.3350751,2500798.2866226,0.004,0.000,264.550
04,43,42.40,177698.3351271,2500798.2867515,0.012,321.640,264.867
04,43,42.60,177698.3351792,2500798.2868989,0.014,284.911,264.750
04,43,42.80,177698.3352313,2500798.2870463,0.017,343.929,264.706
04,43,43.00,177698.3352834,2500798.2871937,0.031,336.166,264.843
04,43,43.20,177698.3353355,2500798.2873411,0.012,291.876,264.814
04,43,43.40,177698.3353876,2500798.2874886,0.013,261.404,264.646
04,43,43.60,177698.3354397,2500798.287636,0.007,0.000,264.802
04,43,43.80,177698.3354918,2500798.2877834,0.006,0.000,264.842
04,43,44.00,177698.3355268,2500798.2879308,0.001,0.000,264.853
04,43,44.20,177698.3355789,2500798.2880782,0.007,0.000,264.615
04,43,44.40,177698.335631,2500798.2882256,0.009,0.000,264.652
04,43,44.60,177698.335666,2500798.2883731,0.007,0.000,264.763
04,43,44.80,177698.3357181,2500798.2885205,0.021,336.233,264.672
04,43,45.00,177698.3357702,2500798.2886679,0.006,0.000,264.558
04,43,45.20,177698.3358053,2500798.2888339,0.006,0.000,265.134
04,43,45.40,177698.3358574,2500798.2889813,0.004,0.000,264.880
04,43,45.60,177698.3359095,2500798.2891287,0.015,180.387,264.950
04,43,45.80,177698.3359444,2500798.2892762,0.017,224.686,264.923
04,43,46.00,177698.3359622,2500798.2894053,0.020,210.161,264.889
04,43,46.20,177698.3359284,2500798.2895162,0.019,205.753,264.769
04,43,46.40,177698.3358946,2500798.2896086,0.016,224.481,264.682
04,43,46.60,177698.3358779,2500798.289701,0.011,177.354,264.679
04,43,46.80,177698.3358441,2500798.2898118,0.010,100.756,264.692
04,43,47.00,177698.3358103,2500798.2899043,0.007,0.000,264.992
04,43,47.20,177698.3357937,2500798.2900151,0.014,59.164,264.548
04,43,47.40,177698.3357599,2500798.2901075,0.016,21.182,264.794
04,43,47.60,177698.3357432,2500798.2902184,0.018,14.392,264.565
04,43,47.80,177698.3357094,2500798.2903108,0.009,0.000,264.779
04,43,48.00,177698.3356928,2500798.2904216,0.015,352.983,264.744
04,43,48.20,177698.3356762,2500798.2905324,0.007,0.000,264.610
04,43,48.40,177698.3356424,2500798.2906433,0.011,314.001,264.760
04,43,48.60,177698.3356258,2500798.2907541,0.004,0.000,264.569
04,43,48.80,177698.3356092,2500798.2908649,0.009,0.000,264.691
04,43,49.00,177698.3355926,2500798.2909758,0.019,185.653,264.793
04,43,49.20,177698.335576,2500798.2910866,0.027,192.474,264.812
04,43,49.40,177698.3355422,2500798.2911975,0.022,166.653,264.606
04,43,49.60,177698.3355255,2500798.2912898,0.016,208.317,264.668
04,43,49.80,177698.3355089,2500798.2914006,0.022,171.270,264.528
04,43,50.00,177698.3354923,2500798.2915115,0.022,232.498,264.811
04,43,50.20,177698.3354585,2500798.2916039,0.014,238.654,264.573
04,43,50.40,177698.3354419,2500798.2917147,0.009,0.000,264.500
04,43,50.60,177698.3354252,2500798.2918071,0.007,0.000,264.642
04,43,50.80,177698.3353914,2500798.291918,0.011,343.618,264.544
04,43,51.00,177698.3353748,2500798.2920288,0.011,23.667,264.611
04,43,51.20,177698.335341,2500798.2921397,0.008,0.000,264.768
04,43,51.40,177698.3353243,2500798.292232,0.013,268.530,264.887
04,43,51.60,177698.3352906,2500798.2923429,0.009,0.000,264.895
04,43,51.80,177698.335274,2500798.2924537,0.015,267.993,264.757
04,43,52.00,177698.3352402,2500798.2925646,0.010,0.000,264.723
04,43,52.20,177698.3352065,2500798.2926755,0.010,280.957,264.889
04,43,52.40,177698.3351727,2500798.2927864,0.018,322.641,264.935
04,43,52.60,177698.3351561,2500798.2928972,0.007,0.000,264.756
04,43,52.80,177698.3351224,2500798.2930081,0.010,14.796,264.869
04,43,53.00,177698.3350886,2500798.293119,0.014,221.998,264.727
04,43,53.20,177698.335055,2500798.2932484,0.009,0.000,264.804
04,43,53.40,177698.3350212,2500798.2933593,0.017,256.916,264.839
04,43,53.60,177698.3349875,2500798.2934702,0.016,234.714,264.847
04,43,53.80,177698.3349537,2500798.2935811,0.011,206.084,264.799
04,43,54.00,177698.33492,2500798.293692,0.012,149.544,264.711
04,43,54.20,177698.3348862,2500798.2938029,0.015,161.356,264.659
04,43,54.40,177698.3348696,2500798.2939137,0.031,158.076,264.529
04,43,54.60,177698.3348359,2500798.2940246,0.020,176.206,264.712
04,43,54.80,177698.3348021,2500798.2941355,0.025,200.797,264.608
04,43,55.00,177698.3347683,2500798.2942279,0.016,216.964,264.609
04,43,55.20,177698.3347517,2500798.2943387,0.004,0.000,264.421
04,43,55.40,177698.3347179,2500798.2944496,0.025,337.792,264.491
04,43,55.60,177698.3346841,2500798.294542,0.022,344.930,264.443
04,43,55.80,177698.3346503,2500798.2946529,0.021,340.375,264.448
04,43,56.00,177698.3346166,2500798.2947638,0.034,353.118,264.626
04,43,56.20,177698.3345828,2500798.2948747,0.026,1.645,264.514
04,43,56.40,177698.3345492,2500798.2950041,0.004,0.000,264.609
04,43,56.60,177698.3345326,2500798.2951149,0.012,314.004,264.655
04,43,56.80,177698.3344988,2500798.2952258,0.013,168.786,264.636
04,43,57.00,177698.3344651,2500798.2953551,0.018,194.123,264.607
04,43,57.20,177698.3344314,2500798.295466,0.025,174.651,264.576
04,43,57.40,177698.3343977,2500798.2955769,0.021,190.201,264.594
04,43,57.60,177698.334381,2500798.2956877,0.015,196.762,264.533
04,43,57.80,177698.3343473,2500798.2957986,0.018,172.287,264.532
04,43,58.00,177698.3343135,2500798.2959095,0.012,207.260,264.574
04,43,58.20,177698.3342797,2500798.296002,0.010,248.007,264.404
04,43,58.40,177698.3342631,2500798.2961128,0.012,278.642,264.430
04,43,58.60,177698.3342293,2500798.2962237,0.006,0.000,264.638
04,43,58.80,177698.3341956,2500798.2963346,0.013,319.029,264.600
04,43,59.00,177698.3341618,2500798.2964455,0.006,0.000,264.472
04,43,59.20,177698.3341281,2500798.2965564,0.009,0.000,264.683
04,43,59.40,177698.3340944,2500798.2966673,0.004,0.000,264.593
04,43,59.60,177698.3340606,2500798.2967782,0.013,87.471,264.503
04,43,59.80,177698.3340269,2500798.2968891,0.007,0.000,264.605
04,44,00.00,177698.3339931,2500798.297,0.004,0.000,264.628
04,44,00.20,177698.3339594,2500798.2971293,0.012,16.635,264.619
04,44,00.40,177698.3339257,2500798.2972402,0.019,352.410,264.452
04,44,00.60,177698.3338919,2500798.2973511,0.015,55.895,264.426
04,44,00.80,177698.3338582,2500798.297462,0.009,0.000,264.535
04,44,01.00,177698.3338245,2500798.2975913,0.004,0.000,264.478
04,44,01.20,177698.3338079,2500798.2977022,0.009,0.000,264.504
04,44,01.40,177698.3337742,2500798.297813,0.015,202.985,264.712
04,44,01.60,177698.3337405,2500798.2979424,0.007,0.000,264.409
04,44,01.80,177698.3337239,2500798.2980532,0.018,160.746,264.685
04,44,02.00,177698.3336902,2500798.2981641,0.019,198.697,264.545
04,44,02.20,177698.3336564,2500798.298275,0.019,155.206,264.615
04,44,02.40,177698.3336398,2500798.2983858,0.015,161.730,264.670
04,44,02.60,177698.3336232,2500798.2984966,0.014,121.656,264.545
04,44,02.80,177698.3335894,2500798.2986075,0.004,0.000,264.527
04,44,03.00,177698.3335728,2500798.2987183,0.021,36.535,264.415
04,44,03.20,177698.3335562,2500798.2988292,0.021,45.378,264.638
04,44,03.40,177698.3335397,2500798.2989584,0.008,0.000,264.715
04,44,03.60,177698.3335231,2500798.2990692,0.015,228.478,264.723
04,44,03.80,177698.3335065,2500798.2991801,0.006,0.000,264.721
04,44,04.00,177698.3334899,2500798.2993093,0.009,0.000,264.877
04,44,04.20,177698.3334562,2500798.2994202,0.015,287.228,264.829
04,44,04.40,177698.3334396,2500798.299531,0.018,267.354,264.763
04,44,04.60,177698.333423,2500798.2996603,0.022,284.339,264.989
04,44,04.80,177698.3333893,2500798.2997712,0.008,0.000,265.016
04,44,05.00,177698.3333727,2500798.299882,0.028,183.805,264.910
04,44,05.20,177698.3333562,2500798.3000113,0.011,207.244,264.824
04,44,05.40,177698.3333224,2500798.3001222,0.016,167.225,265.093
04,44,05.60,177698.3333058,2500798.300233,0.007,0.000,265.043
04,44,05.80,177698.333272,2500798.3003439,0.006,0.000,265.108
04,44,06.00,177698.3332555,2500798.3004732,0.007,0.000,265.023
04,44,06.20,177698.3332389,2500798.300584,0.011,60.702,264.975
04,44,06.40,177698.3332223,2500798.3006948,0.007,0.000,265.046
04,44,06.60,177698.3332057,2500798.3008056,0.010,147.648,264.947
04,44,06.80,177698.3331892,2500798.3009349,0.016,10.940,265.069
04,44,07.00,177698.3331725,2500798.3010457,0.004,0.000,264.950
04,44,07.20,177698.333156,2500798.3011749,0.018,204.992,265.284
04,44,07.40,177698.3331394,2500798.3012858,0.021,193.919,265.153
04,44,07.60,177698.3331228,2500798.3013966,0.063,209.548,265.185
04,44,07.80,177698.3331063,2500798.3015258,0.023,214.749,265.474
04,44,08.00,177698.3331069,2500798.301655,0.012,194.474,265.425
04,44,08.20,177698.3331075,2500798.3017842,0.010,197.695,265.342
04,44,08.40,177698.3331081,2500798.3019134,0.018,157.268,265.293
04,44,08.60,177698.3331088,2500798.3020611,0.009,0.000,265.425
04,44,08.80,177698.3331094,2500798.3021902,0.012,85.610,265.272
04,44,09.00,177698.33311,2500798.3023194,0.026,38.724,265.132
04,44,09.20,177698.3331106,2500798.3024486,0.021,3.068,265.372
04,44,09.40,177698.3331112,2500798.3025778,0.031,26.099,265.357
04,44,09.60,177698.3331118,2500798.302707,0.031,1.557,265.547
04,44,09.80,177698.3331124,2500798.3028362,0.016,2.203,265.316
04,44,10.00,177698.333113,2500798.3029654,0.011,333.188,265.548
04,44,10.20,177698.3331137,2500798.303113,0.016,317.411,265.444
04,44,10.40,177698.3330972,2500798.3032423,0.014,225.425,265.539
04,44,10.60,177698.3330978,2500798.3033715,0.010,238.459,265.467
04,44,10.80,177698.3330813,2500798.3035008,0.014,179.295,265.494
04,44,11.00,177698.3330819,2500798.3036299,0.013,160.441,265.643
04,44,11.20,177698.3330654,2500798.3037592,0.017,131.174,265.494
04,44,11.40,177698.3330659,2500798.3038699,0.023,156.472,265.496
04,44,11.60,177698.3330665,2500798.3039991,0.028,140.339,265.343
04,44,11.80,177698.33305,2500798.3041284,0.023,151.985,265.565
04,44,12.00,177698.3330505,2500798.3042391,0.019,123.022,265.416
04,44,12.20,177698.333051,2500798.3043499,0.014,133.457,265.518
04,44,12.40,177698.3330688,2500798.304479,0.015,153.975,265.669
04,44,12.60,177698.3330693,2500798.3045897,0.003,0.000,265.718
04,44,12.80,177698.333087,2500798.3047004,0.003,0.000,265.563
04,44,13.00,177698.3330875,2500798.3048111,0.025,337.041,265.673
04,44,13.20,177698.3331052,2500798.3049402,0.015,305.125,265.954
04,44,13.40,177698.3331058,2500798.3050509,0.020,350.400,265.996
04,44,13.60,177698.3331235,2500798.30518,0.013,4.379,266.056
04,44,13.80,177698.3331412,2500798.3053092,0.009,0.000,266.057
04,44,14.00,177698.3331419,2500798.3054383,0.012,42.906,266.131
04,44,14.20,177698.3331596,2500798.3055674,0.015,34.130,266.167
04,44,14.40,177698.3331773,2500798.3056966,0.020,43.411,266.052
04,44,14.60,177698.3332122,2500798.3058256,0.010,0.000,266.171
04,44,14.80,177698.3332301,2500798.3059731,0.003,0.000,266.359
04,44,15.00,177698.3332649,2500798.3061022,0.011,55.928,266.463
04,44,15.20,177698.3332828,2500798.3062497,0.014,3.403,266.551
04,44,15.40,177698.3333177,2500798.3063788,0.007,0.000,266.445
04,44,15.60,177698.3333355,2500798.3065263,0.008,0.000,266.530
04,44,15.80,177698.3333704,2500798.3066554,0.023,210.640,266.570
04,44,16.00,177698.3333882,2500798.3068029,0.022,214.505,266.667
04,44,16.20,177698.3334231,2500798.3069319,0.020,169.929,266.540
04,44,16.40,177698.3334408,2500798.3070611,0.015,167.131,266.753
04,44,16.60,177698.3334586,2500798.3071902,0.016,119.921,266.860
04,44,16.80,177698.3334934,2500798.3073192,0.013,143.639,266.965
04,44,17.00,177698.3335112,2500798.3074483,0.005,0.000,266.949
04,44,17.20,177698.333546,2500798.3075589,0.010,104.057,267.242
04,44,17.40,177698.3335637,2500798.307688,0.008,0.000,267.254
04,44,17.60,177698.3335985,2500798.3077986,0.002,0.000,267.082
04,44,17.80,177698.3336334,2500798.3079276,0.004,0.000,267.230
04,44,18.00,177698.3336511,2500798.3080567,0.021,162.993,267.472
04,44,18.20,177698.3336859,2500798.3081673,0.010,199.657,267.404
04,44,18.40,177698.3337036,2500798.3082779,0.003,0.000,267.462
04,44,18.60,177698.3337385,2500798.3084069,0.016,291.517,267.518
04,44,18.80,177698.3337561,2500798.3085176,0.010,0.000,267.515
04,44,19.00,177698.333791,2500798.3086466,0.021,331.369,267.477
04,44,19.20,177698.3338259,2500798.3087756,0.011,29.524,267.522
04,44,19.40,177698.3338436,2500798.3088863,0.014,61.627,267.649
04,44,19.60,177698.3338784,2500798.3090153,0.005,0.000,267.712
04,44,19.80,177698.3339133,2500798.3091444,0.020,131.156,267.388
04,44,20.00,177698.3339481,2500798.3092549,0.019,176.741,267.550
04,44,20.20,177698.333983,2500798.3093839,0.009,0.000,267.356
04,44,20.40,177698.3340007,2500798.3095131,0.006,0.000,267.415
04,44,20.60,177698.3340355,2500798.3096236,0.024,231.542,267.473
04,44,20.80,177698.3340704,2500798.3097527,0.011,269.044,267.236
04,44,21.00,177698.3341052,2500798.3098632,0.011,285.141,267.401
04,44,21.20,177698.334123,2500798.3099923,0.026,314.660,267.438
04,44,21.40,177698.3341578,2500798.3101214,0.019,329.481,267.102
04,44,21.60,177698.3341755,2500798.310232,0.030,351.801,267.024
04,44,21.80,177698.3341932,2500798.3103611,0.017,332.451,267.072
04,44,22.00,177698.3342111,2500798.3105087,0.014,348.782,267.176
04,44,22.20,177698.3342459,2500798.3106377,0.018,345.904,267.136
04,44,22.40,177698.3342637,2500798.3107668,0.021,321.296,267.049
04,44,22.60,177698.3342815,2500798.3109144,0.009,0.000,267.129
04,44,22.80,177698.3342993,2500798.3110435,0.015,305.721,267.149
04,44,23.00,177698.3343171,2500798.3111911,0.006,0.000,266.836
04,44,23.20,177698.3343348,2500798.3113202,0.009,0.000,266.879
04,44,23.40,177698.3343527,2500798.3114677,0.010,184.962,266.908
04,44,23.60,177698.3343704,2500798.3115968,0.023,185.816,266.792
04,44,23.80,177698.3343883,2500798.3117444,0.034,185.384,266.562
04,44,24.00,177698.334406,2500798.3118735,0.031,229.395,266.794
04,44,24.20,177698.3344237,2500798.3120026,0.014,220.699,266.725
04,44,24.40,177698.3344415,2500798.3121317,0.024,237.734,266.616
04,44,24.60,177698.3344592,2500798.3122608,0.025,268.036,266.521
04,44,24.80,177698.3344598,2500798.31239,0.017,277.569,266.436
04,44,25.00,177698.3344776,2500798.3125191,0.020,310.592,266.542
04,44,25.20,177698.3344783,2500798.3126668,0.014,304.980,266.515
04,44,25.40,177698.3344789,2500798.312796,0.005,0.000,266.627
04,44,25.60,177698.3344966,2500798.3129251,0.024,21.731,266.330
04,44,25.80,177698.3344973,2500798.3130727,0.019,53.631,266.303
04,44,26.00,177698.3345151,2500798.3132018,0.007,0.000,266.365
04,44,26.20,177698.3345158,2500798.3133495,0.012,7.621,266.049
04,44,26.40,177698.3345336,2500798.313497,0.012,328.319,265.998
04,44,26.60,177698.3345342,2500798.3136262,0.009,0.000,266.246
04,44,26.80,177698.3345521,2500798.3137738,0.022,254.272,266.072
04,44,27.00,177698.3345527,2500798.313903,0.018,224.908,265.945
04,44,27.20,177698.3345534,2500798.3140506,0.039,215.726,266.212
04,44,27.40,177698.334554,2500798.3141798,0.022,231.968,266.126
04,44,27.60,177698.3345546,2500798.314309,0.032,213.291,266.213
04,44,27.80,177698.3345552,2500798.3144382,0.006,0.000,265.815
04,44,28.00,177698.3345558,2500798.3145674,0.010,0.000,266.018
04,44,28.20,177698.3345565,2500798.314715,0.013,336.399,265.973
04,44,28.40,177698.3345571,2500798.3148442,0.019,2.953,265.590
04,44,28.60,177698.3345577,2500798.3149734,0.004,0.000,265.634
04,44,28.80,177698.3345584,2500798.315121,0.016,25.289,265.637
04,44,29.00,177698.334559,2500798.3152502,0.023,5.399,265.481
04,44,29.20,177698.3345597,2500798.3153979,0.009,0.000,265.263
04,44,29.40,177698.3345603,2500798.3155271,0.013,334.140,265.443
04,44,29.60,177698.334561,2500798.3156747,0.006,0.000,265.275
04,44,29.80,177698.3345617,2500798.3158223,0.012,239.146,265.397
04,44,30.00,177698.3345624,2500798.31597,0.005,0.000,265.066
04,44,30.20,177698.3345631,2500798.3161176,0.016,213.212,265.165
04,44,30.40,177698.3345637,2500798.3162468,0.004,0.000,265.153
04,44,30.60,177698.3345644,2500798.3163945,0.008,0.000,265.066
04,44,30.80,177698.334565,2500798.3165237,0.010,106.471,265.020
04,44,31.00,177698.3345657,2500798.3166713,0.014,131.922,264.814
04,44,31.20,177698.3345663,2500798.3168005,0.018,185.023,264.862
04,44,31.40,177698.3345669,2500798.3169297,0.035,181.812,264.696
04,44,31.60,177698.3345847,2500798.3170588,0.041,213.327,264.700
04,44,31.80,177698.3345853,2500798.317188,0.037,209.531,264.717
04,44,32.00,177698.3345859,2500798.3173172,0.024,205.035,264.768
04,44,32.20,177698.3345865,2500798.3174464,0.007,0.000,264.498
04,44,32.40,177698.3345871,2500798.3175755,0.007,0.000,264.509
04,44,32.60,177698.3345877,2500798.3177047,0.006,0.000,264.607
04,44,32.80,177698.3346055,2500798.3178338,0.019,22.024,264.438
04,44,33.00,177698.3346061,2500798.317963,0.013,41.693,264.409
04,44,33.20,177698.3346067,2500798.3180922,0.010,314.682,264.429
04,44,33.40,177698.3346245,2500798.3182398,0.013,237.767,264.582
04,44,33.60,177698.3346251,2500798.318369,0.023,266.393,264.370
04,44,33.80,177698.3346258,2500798.3184982,0.013,285.324,264.346
04,44,34.00,177698.3346265,2500798.3186458,0.027,269.009,264.453
04,44,34.20,177698.3346271,2500798.318775,0.018,255.173,264.254
04,44,34.40,177698.3346277,2500798.3189042,0.022,284.581,264.447
04,44,34.60,177698.3346112,2500798.3190519,0.016,221.855,264.184
04,44,34.80,177698.3345947,2500798.3191812,0.023,205.421,264.268
04,44,35.00,177698.3345953,2500798.3193104,0.035,192.188,264.188
04,44,35.20,177698.3345788,2500798.3194396,0.030,189.667,264.359
04,44,35.40,177698.3345623,2500798.3195689,0.024,178.211,264.138
04,44,35.60,177698.3345629,2500798.3196981,0.027,203.772,264.358
04,44,35.80,177698.3345463,2500798.3198089,0.021,203.700,264.355
04,44,36.00,177698.3345297,2500798.3199382,0.012,235.007,264.460
04,44,36.20,177698.3345131,2500798.320049,0.014,181.399,264.333
04,44,36.40,177698.3344966,2500798.3201783,0.014,269.676,264.449
04,44,36.60,177698.33448,2500798.3202891,0.018,320.219,264.675
04,44,36.80,177698.3344635,2500798.3204183,0.039,336.950,264.428
04,44,37.00,177698.3344469,2500798.3205476,0.047,345.249,264.460
04,44,37.20,177698.3344133,2500798.320677,0.045,330.833,264.612
04,44,37.40,177698.3343968,2500798.3208247,0.027,342.680,264.518
04,44,37.60,177698.3343633,2500798.3209725,0.033,339.256,264.518
04,44,37.80,177698.3343296,2500798.3211018,0.016,11.286,264.330
04,44,38.00,177698.3343132,2500798.3212496,0.007,0.000,264.542
04,44,38.20,177698.3342796,2500798.3213974,0.011,175.519,264.392
04,44,38.40,177698.3342631,2500798.3215451,0.028,199.706,264.485
04,44,38.60,177698.3342467,2500798.3216928,0.030,193.486,264.360
04,44,38.80,177698.334213,2500798.3218222,0.039,170.181,264.526
04,44,39.00,177698.3341966,2500798.3219699,0.038,165.735,264.641
04,44,39.20,177698.3341629,2500798.3220993,0.025,139.434,264.596
04,44,39.40,177698.3341464,2500798.3222285,0.026,130.081,264.489
04,44,39.60,177698.3341299,2500798.3223578,0.009,0.000,264.597
04,44,39.80,177698.3341135,2500798.3225055,0.021,13.747,264.565
04,44,40.00,177698.3341141,2500798.3226347,0.014,331.809,264.444
04,44,40.20,177698.3340975,2500798.322764,0.031,353.262,264.474
04,44,40.40,177698.3340811,2500798.3229117,0.044,327.549,264.255
04,44,40.60,177698.3340475,2500798.3230595,0.028,310.969,264.424
04,44,40.80,177698.3340311,2500798.3232072,0.039,329.641,264.276
04,44,41.00,177698.3340146,2500798.323355,0.038,354.099,264.353
04,44,41.20,177698.3339812,2500798.3235212,0.020,0.650,264.519
04,44,41.40,177698.3339647,2500798.3236689,0.033,23.408,264.392
04,44,41.60,177698.3339312,2500798.3238352,0.023,45.813,264.400
04,44,41.80,177698.3339148,2500798.3239829,0.023,74.118,264.277
04,44,42.00,177698.3338984,2500798.3241491,0.025,119.471,264.408
04,44,42.20,177698.3338821,2500798.3243153,0.024,117.470,264.534
04,44,42.40,177698.3338828,2500798.3244629,0.029,165.687,264.447
04,44,42.60,177698.3338663,2500798.3246107,0.040,190.988,264.463
04,44,42.80,177698.3338499,2500798.3247584,0.040,205.030,264.534
04,44,43.00,177698.3338335,2500798.3249061,0.035,211.930,264.667
04,44,43.20,177698.3338169,2500798.3250354,0.028,219.027,264.333
04,44,43.40,177698.3338004,2500798.3251647,0.024,223.556,264.569
04,44,43.60,177698.333784,2500798.3253124,0.018,330.412,264.411
04,44,43.80,177698.3337503,2500798.3254417,0.021,21.619,264.473
04,44,44.00,177698.3337338,2500798.325571,0.036,359.122,264.390
04,44,44.20,177698.3337173,2500798.3257187,0.040,24.236,264.368
04,44,44.40,177698.3336837,2500798.3258481,0.036,17.479,264.408
04,44,44.60,177698.3336673,2500798.3259958,0.023,4.678,264.333
04,44,44.80,177698.3336508,2500798.3261435,0.006,0.000,264.368
04,44,45.00,177698.3336344,2500798.3262913,0.012,253.184,264.328
04,44,45.20,177698.3336008,2500798.3264391,0.015,219.920,264.460
04,44,45.40,177698.3335843,2500798.3265683,0.025,216.524,264.487
04,44,45.60,177698.3335507,2500798.3267161,0.026,211.783,264.600
04,44,45.80,177698.3335342,2500798.3268454,0.016,237.356,264.616
04,44,46.00,177698.3335006,2500798.3269932,0.008,0.000,264.633
04,44,46.20,177698.3334841,2500798.3271225,0.005,0.000,264.382
04,44,46.40,177698.3334504,2500798.3272518,0.010,117.806,264.476
04,44,46.60,177698.3334167,2500798.3273812,0.017,124.070,264.532
04,44,46.80,177698.3334003,2500798.3275289,0.009,0.000,264.601
04,44,47.00,177698.3333838,2500798.3276582,0.021,195.688,264.563
04,44,47.20,177698.3333501,2500798.3277875,0.019,216.868,264.491
04,44,47.40,177698.3333335,2500798.3278983,0.020,212.833,264.726
04,44,47.60,177698.3332998,2500798.3280277,0.013,259.932,264.720
04,44,47.80,177698.3332662,2500798.328157,0.008,0.000,264.614
04,44,48.00,177698.3332325,2500798.3282864,0.009,0.000,264.654
04,44,48.20,177698.333216,2500798.3284157,0.006,0.000,264.645
04,44,48.40,177698.3331823,2500798.328545,0.011,23.943,264.579
04,44,48.60,177698.3331487,2500798.3286744,0.021,100.336,264.460
04,44,48.80,177698.3331149,2500798.3287853,0.014,156.792,264.671
04,44,49.00,177698.3330984,2500798.3289145,0.011,115.020,264.703
04,44,49.20,177698.3330647,2500798.3290439,0.026,152.386,264.695
04,44,49.40,177698.3330481,2500798.3291547,0.012,212.590,264.601
04,44,49.60,177698.3330145,2500798.329284,0.010,248.362,264.647
04,44,49.80,177698.3329979,2500798.3293949,0.011,293.334,264.659
04,44,50.00,177698.3329642,2500798.3295242,0.016,271.049,264.635
04,44,50.20,177698.3329305,2500798.3296536,0.018,272.375,264.688
04,44,50.40,177698.3328968,2500798.3297645,0.013,325.837,264.575
04,44,50.60,177698.3328631,2500798.3298938,0.010,58.668,264.689
04,44,50.80,177698.3328295,2500798.3300232,0.023,65.373,264.692
04,44,51.00,177698.3327957,2500798.3301341,0.031,73.836,264.605
04,44,51.20,177698.3327792,2500798.3302633,0.028,91.445,264.622
04,44,51.40,177698.3327455,2500798.3303927,0.033,133.768,264.754
04,44,51.60,177698.3327289,2500798.3305035,0.017,130.988,264.773
04,44,51.80,177698.3327124,2500798.3306328,0.022,158.343,264.448
04,44,52.00,177698.3326958,2500798.3307436,0.018,177.702,264.519
04,44,52.20,177698.3326792,2500798.3308728,0.006,0.000,264.742
04,44,52.40,177698.3326626,2500798.3309837,0.012,247.493,264.872
04,44,52.60,177698.3326461,2500798.3311129,0.015,311.032,264.698
04,44,52.80,177698.3326295,2500798.3312237,0.013,307.216,264.887
04,44,53.00,177698.332613,2500798.331353,0.011,303.745,264.879
04,44,53.20,177698.3325964,2500798.3314638,0.010,121.206,264.614
04,44,53.40,177698.3325798,2500798.3315931,0.012,79.513,264.728
04,44,53.60,177698.3325632,2500798.3317039,0.022,103.322,264.824
04,44,53.80,177698.3325467,2500798.3318332,0.020,121.407,264.590
04,44,54.00,177698.3325473,2500798.3319624,0.018,136.972,264.555
04,44,54.20,177698.3325478,2500798.3320731,0.010,207.070,264.837
04,44,54.40,177698.3325313,2500798.3322024,0.008,0.000,264.663
04,44,54.60,177698.3325318,2500798.3323131,0.024,328.523,264.854
04,44,54.80,177698.3325152,2500798.3324239,0.026,323.222,264.879
04,44,55.00,177698.3324987,2500798.3325532,0.021,310.590,264.926
04,44,55.20,177698.3324993,2500798.3326824,0.026,325.703,265.001
04,44,55.40,177698.3324827,2500798.3327932,0.017,343.117,264.825
04,44,55.60,177698.332449,2500798.3329225,0.011,231.486,264.957
04,44,55.80,177698.3324324,2500798.3330334,0.009,0.000,264.817
04,44,56.00,177698.3324159,2500798.3331626,0.015,206.122,264.957
04,44,56.20,177698.3323993,2500798.3332734,0.030,214.335,264.893
04,44,56.40,177698.3323656,2500798.3334028,0.039,192.505,264.855
04,44,56.60,177698.332349,2500798.3335136,0.021,220.617,264.845
04,44,56.80,177698.3323152,2500798.333606,0.025,223.151,264.942
04,44,57.00,177698.3322814,2500798.3337169,0.021,239.265,265.050
04,44,57.20,177698.3322477,2500798.3338278,0.012,162.940,264.832
04,44,57.40,177698.3322138,2500798.3339203,0.002,0.000,265.046
04,44,57.60,177698.3321972,2500798.3340311,0.007,0.000,264.881
04,44,57.80,177698.3321635,2500798.334142,0.010,7.902,265.082
04,44,58.00,177698.3321296,2500798.3342344,0.005,0.000,264.960
04,44,58.20,177698.3320959,2500798.3343453,0.012,327.523,265.136
04,44,58.40,177698.3320621,2500798.3344562,0.014,284.552,265.226
04,44,58.60,177698.3320284,2500798.3345671,0.010,306.016,265.012
04,44,58.80,177698.3319946,2500798.334678,0.008,0.000,264.954
04,44,59.00,177698.3319608,2500798.3347704,0.010,207.242,265.017
04,44,59.20,177698.331927,2500798.3348813,0.002,0.000,265.150
04,44,59.40,177698.3318932,2500798.3349738,0.017,180.306,264.924
04,44,59.60,177698.3318595,2500798.3350847,0.007,0.000,265.009
04,44,59.80,177698.3318256,2500798.3351771,0.003,0.000,264.876
04,45,00.00,177698.3317919,2500798.335288,0.003,0.000,265.006
04,45,00.20,177698.331758,2500798.3353804,0.008,0.000,264.696
04,45,00.40,177698.3317242,2500798.3354729,0.007,0.000,264.572
04,45,00.60,177698.3316905,2500798.3355838,0.014,143.367,264.781
04,45,00.80,177698.3316566,2500798.3356762,0.018,70.331,264.639
04,45,01.00,177698.3316399,2500798.3357686,0.015,139.235,264.616
04,45,01.20,177698.3316061,2500798.335861,0.012,206.230,264.733
04,45,01.40,177698.3315894,2500798.3359534,0.007,0.000,264.639
04,45,01.60,177698.3315556,2500798.3360643,0.014,156.834,264.580
04,45,01.80,177698.3315389,2500798.3361566,0.007,0.000,264.612
04,45,02.00,177698.3315051,2500798.3362491,0.008,0.000,264.645
04,45,02.20,177698.3314884,2500798.3363414,0.007,0.000,264.590
04,45,02.40,177698.3314717,2500798.3364338,0.009,0.000,264.407
04,45,02.60,177698.3314379,2500798.3365262,0.005,0.000,264.374
04,45,02.80,177698.3314212,2500798.336637,0.008,0.000,264.541
04,45,03.00,177698.3314045,2500798.3367294,0.012,46.404,264.306
04,45,03.20,177698.3313878,2500798.3368218,0.009,0.000,264.546
04,45,03.40,177698.3313712,2500798.3369326,0.015,188.045,264.317
04,45,03.60,177698.3313545,2500798.3370249,0.023,206.067,264.281
04,45,03.80,177698.3313379,2500798.3371357,0.030,221.225,264.384
04,45,04.00,177698.3313041,2500798.3372282,0.033,208.999,264.462
04,45,04.20,177698.3312874,2500798.3373205,0.034,208.176,264.477
04,45,04.40,177698.3312707,2500798.3374129,0.011,193.742,264.264
04,45,04.60,177698.3312369,2500798.3375238,0.008,0.000,264.533
04,45,04.80,177698.3312202,2500798.3376161,0.003,0.000,264.303
04,45,05.00,177698.3312035,2500798.3377085,0.008,0.000,264.460
04,45,05.20,177698.3311869,2500798.3378193,0.017,348.512,264.258
04,45,05.40,177698.3311531,2500798.3379118,0.012,325.960,264.400
04,45,05.60,177698.3311365,2500798.3380226,0.019,302.502,264.366
04,45,05.80,177698.3311199,2500798.3381334,0.016,334.747,264.415
04,45,06.00,177698.331086,2500798.3382258,0.018,310.762,264.570
04,45,06.20,177698.3310694,2500798.3383366,0.004,0.000,264.371
04,45,06.40,177698.3310358,2500798.338466,0.013,216.101,264.491
04,45,06.60,177698.3310191,2500798.3385768,0.008,0.000,264.329
04,45,06.80,177698.3309853,2500798.3386692,0.022,180.165,264.457
04,45,07.00,177698.3309687,2500798.3387801,0.034,168.620,264.343
04,45,07.20,177698.3309521,2500798.3388909,0.027,170.942,264.442
04,45,07.40,177698.3309182,2500798.3389833,0.029,171.783,264.552
04,45,07.60,177698.3309016,2500798.3390941,0.015,180.440,264.598
04,45,07.80,177698.3308849,2500798.3391865,0.019,236.692,264.501
04,45,08.00,177698.3308511,2500798.3392789,0.018,280.533,264.540
04,45,08.20,177698.3308344,2500798.3393713,0.024,271.092,264.556
04,45,08.40,177698.3308006,2500798.3394822,0.034,320.844,264.540
04,45,08.60,177698.3307668,2500798.3395746,0.044,329.053,264.707
04,45,08.80,177698.3307331,2500798.3396855,0.042,335.873,264.535
04,45,09.00,177698.3306993,2500798.3397964,0.027,349.030,264.627
04,45,09.20,177698.3306656,2500798.3399073,0.023,354.819,264.781
04,45,09.40,177698.3306319,2500798.3400367,0.012,8.399,264.671
04,45,09.60,177698.3305982,2500798.3401476,0.009,0.000,264.670
04,45,09.80,177698.3305816,2500798.3402768,0.009,0.000,264.662
04,45,10.00,177698.3305479,2500798.3403877,0.011,166.019,264.733
04,45,10.20,177698.3305141,2500798.3404986,0.034,177.464,264.563
04,45,10.40,177698.3304804,2500798.3406095,0.038,187.089,264.444
04,45,10.60,177698.3304466,2500798.3407204,0.022,178.804,264.475
04,45,10.80,177698.33043,2500798.3408312,0.024,193.773,264.532
04,45,11.00,177698.3303963,2500798.3409421,0.021,210.158,264.515
04,45,11.20,177698.3303624,2500798.3410345,0.020,246.790,264.453
04,45,11.40,177698.3303287,2500798.3411454,0.025,270.259,264.634
04,45,11.60,177698.3302949,2500798.3412563,0.019,275.318,264.422
04,45,11.80,177698.330244,2500798.3413489,0.010,272.085,264.442
04,45,12.00,177698.3302102,2500798.3414598,0.005,0.000,264.428
04,45,12.20,177698.3301765,2500798.3415706,0.011,113.267,264.485
04,45,12.40,177698.3301256,2500798.3416816,0.013,27.884,264.616
04,45,12.60,177698.3300918,2500798.3417925,0.030,41.421,264.430
04,45,12.80,177698.3300581,2500798.3419034,0.030,26.888,264.357
04,45,13.00,177698.3300415,2500798.3420142,0.019,357.671,264.472
04,45,13.20,177698.3300077,2500798.3421251,0.026,345.432,264.577
04,45,13.40,177698.3299911,2500798.3422359,0.018,345.247,264.389
04,45,13.60,177698.3299745,2500798.3423468,0.007,0.000,264.442
04,45,13.80,177698.3299408,2500798.3424576,0.015,283.308,264.490
04,45,14.00,177698.3299241,2500798.3425685,0.010,0.000,264.668
04,45,14.20,177698.3299075,2500798.3426793,0.012,215.411,264.235
04,45,14.40,177698.3298909,2500798.3427901,0.015,222.432,264.422
04,45,14.60,177698.3298572,2500798.342901,0.016,186.474,264.599
04,45,14.80,177698.3298405,2500798.3429933,0.015,197.187,264.561
04,45,15.00,177698.3298238,2500798.3430857,0.021,158.711,264.649
04,45,15.20,177698.3298071,2500798.3431781,0.005,0.000,264.505
04,45,15.40,177698.3298075,2500798.3432703,0.011,78.657,264.521
04,45,15.60,177698.3297908,2500798.3433627,0.011,73.206,264.415
04,45,15.80,177698.3297912,2500798.343455,0.005,0.000,264.409
04,45,16.00,177698.3297744,2500798.3435289,0.006,0.000,264.477
04,45,16.20,177698.3297749,2500798.3436212,0.009,0.000,264.563
04,45,16.40,177698.3297753,2500798.3437134,0.010,285.293,264.530
04,45,16.60,177698.3297585,2500798.3437873,0.006,0.000,264.561
04,45,16.80,177698.329759,2500798.3438796,0.009,0.000,264.650
04,45,17.00,177698.3297594,2500798.3439719,0.030,326.063,264.589
04,45,17.20,177698.3297598,2500798.3440642,0.030,349.437,264.548
04,45,17.40,177698.3297602,2500798.344138,0.034,347.033,264.484
04,45,17.60,177698.3297607,2500798.3442487,0.022,348.259,264.571
04,45,17.80,177698.3297611,2500798.344341,0.009,0.000,264.707
04,45,18.00,177698.3297616,2500798.3444333,0.022,57.251,264.564
04,45,18.20,177698.329762,2500798.3445256,0.014,166.372,264.972
04,45,18.40,177698.3297797,2500798.3446362,0.023,157.460,264.827
04,45,18.60,177698.3297801,2500798.3447285,0.022,140.967,264.614
04,45,18.80,177698.3297977,2500798.3448207,0.021,146.567,264.538
04,45,19.00,177698.3298152,2500798.3448944,0.024,142.304,264.540
04,45,19.20,177698.3298327,2500798.3449866,0.019,143.018,264.364
04,45,19.40,177698.3298503,2500798.3450788,0.027,141.178,264.497
04,45,19.60,177698.3298849,2500798.3451525,0.009,0.000,264.350
04,45,19.80,177698.3299025,2500798.3452447,0.008,0.000,264.408
04,45,20.00,177698.32992,2500798.3453184,0.020,199.802,264.629
04,45,20.20,177698.3299546,2500798.3453921,0.021,211.758,264.429
04,45,20.40,177698.3299721,2500798.3454658,0.025,212.660,264.617
04,45,20.60,177698.3299896,2500798.3455396,0.017,224.279,264.477
04,45,20.80,177698.330007,2500798.3456133,0.011,267.766,264.648
04,45,21.00,177698.3300244,2500798.3456686,0.003,0.000,264.656
04,45,21.20,177698.3300591,2500798.3457423,0.014,16.142,264.571
04,45,21.40,177698.3300765,2500798.345816,0.021,7.093,264.643
04,45,21.60,177698.330094,2500798.3458897,0.013,19.621,264.620
04,45,21.80,177698.3301287,2500798.3459634,0.012,12.204,264.740
04,45,22.00,177698.3301461,2500798.3460371,0.009,0.000,264.565
04,45,22.20,177698.3301637,2500798.3461293,0.010,108.245,264.698
04,45,22.40,177698.3301983,2500798.346203,0.007,0.000,264.653
04,45,22.60,177698.3302158,2500798.3462767,0.012,186.924,264.869
04,45,22.80,177698.3302504,2500798.3463504,0.014,218.644,264.628
04,45,23.00,177698.3302679,2500798.3464241,0.033,200.823,264.842
04,45,23.20,177698.3303025,2500798.3464978,0.040,188.370,264.816
04,45,23.40,177698.33032,2500798.3465715,0.046,181.842,264.678
04,45,23.60,177698.3303546,2500798.3466452,0.048,181.269,264.845
04,45,23.80,177698.3303892,2500798.3467004,0.037,170.062,264.779
04,45,24.00,177698.3304066,2500798.3467557,0.022,151.557,264.846
04,45,24.20,177698.3304411,2500798.3468109,0.023,175.478,264.939
04,45,24.40,177698.3304756,2500798.3468661,0.014,186.333,264.651
04,45,24.60,177698.3305102,2500798.3469213,0.010,195.178,264.864
04,45,24.80,177698.3305447,2500798.3469765,0.005,0.000,264.859
04,45,25.00,177698.330562,2500798.3470133,0.005,0.000,264.789
04,45,25.20,177698.3305965,2500798.3470685,0.003,0.000,264.815
04,45,25.40,177698.3306311,2500798.3471237,0.027,19.878,265.035
04,45,25.60,177698.3306656,2500798.347179,0.015,7.797,264.821
04,45,25.80,177698.3307001,2500798.3472342,0.018,351.462,264.918
04,45,26.00,177698.3307348,2500798.3473078,0.021,343.849,264.835
04,45,26.20,177698.3307693,2500798.347363,0.008,0.000,264.774
04,45,26.40,177698.330821,2500798.3474181,0.007,0.000,264.747
04,45,26.60,177698.3308555,2500798.3474734,0.008,0.000,264.794
04,45,26.80,177698.3308901,2500798.347547,0.023,187.376,264.637
04,45,27.00,177698.3309246,2500798.3476022,0.027,196.407,264.744
04,45,27.20,177698.3309591,2500798.347639,0.028,184.208,264.919
04,45,27.40,177698.3309936,2500798.3476942,0.027,179.677,264.860
04,45,27.60,177698.3310453,2500798.3477493,0.016,168.285,264.857
04,45,27.80,177698.3310797,2500798.347786,0.017,148.613,264.765
04,45,28.00,177698.3311143,2500798.3478413,0.008,0.000,264.977
04,45,28.20,177698.3311487,2500798.347878,0.013,345.562,264.946
04,45,28.40,177698.3312004,2500798.3479331,0.011,329.892,264.801
04,45,28.60,177698.3312349,2500798.3479883,0.020,325.987,264.873
04,45,28.80,177698.3312866,2500798.3480435,0.017,342.993,264.671
04,45,29.00,177698.331321,2500798.3480802,0.017,358.126,264.712
04,45,29.20,177698.3313556,2500798.3481539,0.015,335.575,264.680
04,45,29.40,177698.3313902,2500798.3482091,0.019,359.361,264.833
04,45,29.60,177698.3314247,2500798.3482643,0.020,356.742,264.755
04,45,29.80,177698.3314765,2500798.3483379,0.008,0.000,264.613
04,45,30.00,177698.331511,2500798.3483931,0.006,0.000,264.736
04,45,30.20,177698.3315456,2500798.3484667,0.006,0.000,264.566
04,45,30.40,177698.3315801,2500798.3485219,0.012,19.782,264.608
04,45,30.60,177698.3316319,2500798.3485955,0.010,0.000,264.439
04,45,30.80,177698.3316664,2500798.3486507,0.013,238.021,264.703
04,45,31.00,177698.331701,2500798.3487244,0.020,246.392,264.540
04,45,31.20,177698.3317356,2500798.3487796,0.022,222.575,264.901
04,45,31.40,177698.3317701,2500798.3488348,0.011,232.004,264.878
04,45,31.60,177698.3318047,2500798.3489084,0.018,215.118,264.971
04,45,31.80,177698.3318393,2500798.3489636,0.007,0.000,264.888
04,45,32.00,177698.3318738,2500798.3490188,0.016,236.089,264.897
04,45,32.20,177698.3319083,2500798.3490741,0.016,183.543,264.707
04,45,32.40,177698.3319429,2500798.3491293,0.007,0.000,264.784
04,45,32.60,177698.3319603,2500798.3491845,0.018,345.814,264.835
04,45,32.80,177698.3319949,2500798.3492582,0.021,14.442,264.772
04,45,33.00,177698.3320294,2500798.3493134,0.035,359.029,264.845
04,45,33.20,177698.332064,2500798.3493871,0.032,350.755,264.685
04,45,33.40,177698.3320986,2500798.3494607,0.028,324.047,264.875
04,45,33.60,177698.3321161,2500798.3495345,0.043,320.164,264.947
04,45,33.80,177698.3321508,2500798.3496081,0.025,315.121,264.856
04,45,34.00,177698.3321683,2500798.3497003,0.018,305.452,265.075
04,45,34.20,177698.3321858,2500798.3497741,0.007,0.000,264.937
04,45,34.40,177698.3322033,2500798.3498478,0.018,197.497,265.026
04,45,34.60,177698.3322209,2500798.34994,0.023,210.003,264.882
04,45,34.80,177698.3322383,2500798.3500138,0.023,187.842,264.947
04,45,35.00,177698.3322558,2500798.3500875,0.022,145.556,264.826
04,45,35.20,177698.3322733,2500798.3501612,0.020,151.939,264.909
04,45,35.40,177698.3323079,2500798.3502349,0.026,165.794,264.896
04,45,35.60,177698.3323254,2500798.3503086,0.024,180.266,264.845
04,45,35.80,177698.33236,2500798.3503823,0.011,196.365,264.853
04,45,36.00,177698.3323946,2500798.3504375,0.012,210.279,264.525
04,45,36.20,177698.332412,2500798.3505112,0.019,309.580,265.000
04,45,36.40,177698.3324468,2500798.3506034,0.028,354.880,264.729
04,45,36.60,177698.3324814,2500798.350677,0.032,349.290,264.910
04,45,36.80,177698.3324989,2500798.3507508,0.039,338.715,264.926
04,45,37.00,177698.3325336,2500798.3508429,0.027,352.854,264.953
04,45,37.20,177698.3325511,2500798.3509351,0.030,344.962,264.938
04,45,37.40,177698.3325858,2500798.3510272,0.021,340.753,264.790
04,45,37.60,177698.3326034,2500798.3511194,0.014,324.894,264.803
04,45,37.80,177698.3326381,2500798.3512115,0.014,295.532,264.730
04,45,38.00,177698.3326557,2500798.3513037,0.002,0.000,264.755
04,45,38.20,177698.3326733,2500798.3514144,0.005,0.000,264.641
04,45,38.40,177698.3327081,2500798.3515065,0.003,0.000,264.677
04,45,38.60,177698.3327256,2500798.3515987,0.007,0.000,264.762
04,45,38.80,177698.3327432,2500798.3516909,0.018,162.355,264.851
04,45,39.00,177698.3327779,2500798.351783,0.008,0.000,264.648
04,45,39.20,177698.3327955,2500798.3518752,0.015,148.398,264.735
04,45,39.40,177698.3328302,2500798.3519673,0.001,0.000,264.847
04,45,39.60,177698.3328477,2500798.352041,0.003,0.000,264.633
04,45,39.80,177698.3328824,2500798.3521331,0.006,0.000,264.714
04,45,40.00,177698.3328999,2500798.3522253,0.008,0.000,264.539
04,45,40.20,177698.3329174,2500798.3522991,0.001,0.000,264.917
04,45,40.40,177698.332935,2500798.3523913,0.015,307.864,264.963
04,45,40.60,177698.3329697,2500798.3524834,0.007,0.000,264.763
04,45,40.80,177698.3329873,2500798.3525756,0.004,0.000,264.721
04,45,41.00,177698.3330048,2500798.3526678,0.009,0.000,264.732
04,45,41.20,177698.3330223,2500798.3527415,0.014,290.920,264.711
04,45,41.40,177698.3330399,2500798.3528337,0.008,0.000,264.585
04,45,41.60,177698.3330575,2500798.3529259,0.008,0.000,264.589
04,45,41.80,177698.333075,2500798.3530181,0.007,0.000,264.596
04,45,42.00,177698.3330926,2500798.3531103,0.018,62.659,264.655
04,45,42.20,177698.3331102,2500798.3532025,0.014,93.165,264.515
04,45,42.40,177698.3331278,2500798.3532947,0.020,82.681,264.601
04,45,42.60,177698.3331625,2500798.3533868,0.010,0.000,264.707
04,45,42.80,177698.33318,2500798.353479,0.007,0.000,264.463
04,45,43.00,177698.3332147,2500798.3535711,0.019,184.470,264.482
04,45,43.20,177698.3332494,2500798.3536633,0.027,208.809,264.491
04,45,43.40,177698.3332669,2500798.353737,0.019,211.962,264.721
04,45,43.60,177698.3333016,2500798.3538291,0.010,234.711,264.445
04,45,43.80,177698.3333191,2500798.3539029,0.006,0.000,264.497
04,45,44.00,177698.3333538,2500798.353995,0.005,0.000,264.531
04,45,44.20,177698.3333714,2500798.3540872,0.004,0.000,264.566
04,45,44.40,177698.333406,2500798.3541608,0.008,0.000,264.645
04,45,44.60,177698.3334407,2500798.3542529,0.010,298.550,264.380
04,45,44.80,177698.3334583,2500798.3543451,0.007,0.000,264.654
04,45,45.00,177698.333493,2500798.3544373,0.011,241.837,264.374
