Hour,Minute,Second,Lon,Lat,Speed,SpeedDirection,HeadingDirection,,,,,,,,,,,
4,43,29.4,177698.3319,2500798.277,0.022,15.216,264.707,,,,-6177,11027.36,-6763.67,11520.18,-7390.67,10556.66,-7565.18,11692.55
4,43,29.6,177698.3319,2500798.277,0.021,15.113,264.723,,,,177856.2331,2494369.982,177856.2331,2494369.982,177856.2331,2494369.982,177856.2331,2494369.982
4,43,29.8,177698.332,2500798.278,0.032,0.266,264.818,,,,171679.2331,2505397.342,171092.5631,2505890.162,170465.5631,2504926.642,170291.0531,2506062.532
4,43,30,177698.332,2500798.278,0.009,0,264.739,,,,,,,,,,,
4,43,30.2,177698.3321,2500798.278,0.009,0,264.704,,,,,,,,,,,
4,43,30.4,177698.3321,2500798.278,0.016,163.43,264.802,,,,,,,,,,,
4,43,30.6,177698.3322,2500798.278,0.031,180.959,264.931,,,,,,,,,,,
4,43,30.8,177698.3322,2500798.278,0.016,188.557,264.757,,,,,,,,,,,
4,43,31,177698.3322,2500798.278,0.018,184.5,264.677,,,,,,,,,,,
4,43,31.2,177698.3323,2500798.279,0.022,193.587,265.123,,,,,,,,,,,
4,43,31.4,177698.3323,2500798.279,0.014,184.189,265.036,,,,,,,,,,,
4,43,31.6,177698.3324,2500798.279,0.008,0,265.039,,,,,,,,,,,
4,43,31.8,177698.3324,2500798.279,0.003,0,264.919,,,,,,,,,,,
4,43,32,177698.3325,2500798.279,0.013,85.149,265.196,,,,,,,,,,,
4,43,32.2,177698.3325,2500798.279,0.025,65.905,264.918,,,,,,,,,,,
4,43,32.4,177698.3325,2500798.279,0.022,47.21,264.742,,,,,,,,,,,
4,43,32.6,177698.3326,2500798.28,0.022,55.972,264.675,,,,,,,,,,,
4,43,32.8,177698.3326,2500798.28,0.008,0,264.818,,,,,,,,,,,
4,43,33,177698.3327,2500798.28,0.002,0,264.699,,,,,,,,,,,
4,43,33.2,177698.3327,2500798.28,0.007,0,264.616,,,,,,,,,,,
4,43,33.4,177698.3328,2500798.28,0.009,0,264.942,,,,,,,,,,,
4,43,33.6,177698.3329,2500798.28,0.015,207.955,264.847,,,,,,,,,,,
4,43,33.8,177698.3329,2500798.281,0.015,177.019,264.837,,,,,,,,,,,
4,43,34,177698.333,2500798.281,0.023,208.11,264.794,,,,,,,,,,,
4,43,34.2,177698.333,2500798.281,0.029,183.719,264.701,,,,,,,,,,,
4,43,34.4,177698.3331,2500798.281,0.037,197.743,264.618,,,,,,,,,,,
4,43,34.6,177698.3331,2500798.281,0.035,186.095,264.609,,,,,,,,,,,
4,43,34.8,177698.3332,2500798.281,0.031,201.335,264.995,,,,,,,,,,,
4,43,35,177698.3332,2500798.281,0.012,186.077,264.861,,,,,,,,,,,
4,43,35.2,177698.3333,2500798.282,0.003,0,265.08,,,,,,,,,,,
4,43,35.4,177698.3333,2500798.282,0.017,16.411,265.008,,,,,,,,,,,
4,43,35.6,177698.3334,2500798.282,0.015,334.414,264.921,,,,,,,,,,,
4,43,35.8,177698.3334,2500798.282,0.019,338.503,264.899,,,,,,,,,,,
4,43,36,177698.3335,2500798.282,0.021,325.014,265.044,,,,,,,,,,,
4,43,36.2,177698.3335,2500798.282,0.02,326.998,265.079,,,,,,,,,,,
4,43,36.4,177698.3336,2500798.282,0.02,4.748,264.779,,,,,,,,,,,
4,43,36.6,177698.3336,2500798.283,0.013,343.591,265.04,,,,,,,,,,,
4,43,36.8,177698.3337,2500798.283,0.007,0,264.964,,,,,,,,,,,
4,43,37,177698.3337,2500798.283,0.007,0,264.967,,,,,,,,,,,
4,43,37.2,177698.3338,2500798.283,0.007,0,264.827,,,,,,,,,,,
4,43,37.4,177698.3338,2500798.283,0.026,180.39,264.894,,,,,,,,,,,
4,43,37.6,177698.3339,2500798.283,0.03,180.084,264.887,,,,,,,,,,,
4,43,37.8,177698.3339,2500798.283,0.034,175.299,264.76,,,,,,,,,,,
4,43,38,177698.334,2500798.284,0.033,188.926,264.667,,,,,,,,,,,
4,43,38.2,177698.334,2500798.284,0.034,199.252,264.872,,,,,,,,,,,
4,43,38.4,177698.3341,2500798.284,0.027,197.428,264.86,,,,,,,,,,,
4,43,38.6,177698.3341,2500798.284,0.014,218.36,264.813,,,,,,,,,,,
4,43,38.8,177698.3342,2500798.284,0.013,355.638,264.746,,,,,,,,,,,
4,43,39,177698.3342,2500798.284,0.041,22.966,264.761,,,,,,,,,,,
4,43,39.2,177698.3343,2500798.284,0.029,26.635,264.913,,,,,,,,,,,
4,43,39.4,177698.3343,2500798.285,0.026,4.287,264.82,,,,,,,,,,,
4,43,39.6,177698.3344,2500798.285,0.031,21.783,264.55,,,,,,,,,,,
4,43,39.8,177698.3344,2500798.285,0.024,344.383,264.901,,,,,,,,,,,
4,43,40,177698.3345,2500798.285,0.024,330.56,264.748,,,,,,,,,,,
4,43,40.2,177698.3345,2500798.285,0.025,344.085,264.642,,,,,,,,,,,
4,43,40.4,177698.3346,2500798.285,0.014,314.426,264.682,,,,,,,,,,,
4,43,40.6,177698.3346,2500798.285,0.011,225.728,264.763,,,,,,,,,,,
4,43,40.8,177698.3347,2500798.286,0.032,183.54,264.574,,,,,,,,,,,
4,43,41,177698.3347,2500798.286,0.032,192.618,264.554,,,,,,,,,,,
4,43,41.2,177698.3348,2500798.286,0.045,174.866,264.601,,,,,,,,,,,
4,43,41.4,177698.3348,2500798.286,0.037,183.27,264.585,,,,,,,,,,,
4,43,41.6,177698.3349,2500798.286,0.018,168.423,264.498,,,,,,,,,,,
4,43,41.8,177698.335,2500798.286,0.009,0,264.451,,,,,,,,,,,
4,43,42,177698.335,2500798.286,0.013,186.964,264.761,,,,,,,,,,,
4,43,42.2,177698.3351,2500798.287,0.004,0,264.55,,,,,,,,,,,
4,43,42.4,177698.3351,2500798.287,0.012,321.64,264.867,,,,,,,,,,,
4,43,42.6,177698.3352,2500798.287,0.014,284.911,264.75,,,,,,,,,,,
4,43,42.8,177698.3352,2500798.287,0.017,343.929,264.706,,,,,,,,,,,
4,43,43,177698.3353,2500798.287,0.031,336.166,264.843,,,,,,,,,,,
4,43,43.2,177698.3353,2500798.287,0.012,291.876,264.814,,,,,,,,,,,
4,43,43.4,177698.3354,2500798.287,0.013,261.404,264.646,,,,,,,,,,,
4,43,43.6,177698.3354,2500798.288,0.007,0,264.802,,,,,,,,,,,
4,43,43.8,177698.3355,2500798.288,0.006,0,264.842,,,,,,,,,,,
4,43,44,177698.3355,2500798.288,0.001,0,264.853,,,,,,,,,,,
4,43,44.2,177698.3356,2500798.288,0.007,0,264.615,,,,,,,,,,,
4,43,44.4,177698.3356,2500798.288,0.009,0,264.652,,,,,,,,,,,
4,43,44.6,177698.3357,2500798.288,0.007,0,264.763,,,,,,,,,,,
4,43,44.8,177698.3357,2500798.289,0.021,336.233,264.672,,,,,,,,,,,
4,43,45,177698.3358,2500798.289,0.006,0,264.558,,,,,,,,,,,
4,43,45.2,177698.3358,2500798.289,0.006,0,265.134,,,,,,,,,,,
4,43,45.4,177698.3359,2500798.289,0.004,0,264.88,,,,,,,,,,,
4,43,45.6,177698.3359,2500798.289,0.015,180.387,264.95,,,,,,,,,,,
4,43,45.8,177698.3359,2500798.289,0.017,224.686,264.923,,,,,,,,,,,
4,43,46,177698.336,2500798.289,0.02,210.161,264.889,,,,,,,,,,,
4,43,46.2,177698.3359,2500798.29,0.019,205.753,264.769,,,,,,,,,,,
4,43,46.4,177698.3359,2500798.29,0.016,224.481,264.682,,,,,,,,,,,
4,43,46.6,177698.3359,2500798.29,0.011,177.354,264.679,,,,,,,,,,,
4,43,46.8,177698.3358,2500798.29,0.01,100.756,264.692,,,,,,,,,,,
4,43,47,177698.3358,2500798.29,0.007,0,264.992,,,,,,,,,,,
4,43,47.2,177698.3358,2500798.29,0.014,59.164,264.548,,,,,,,,,,,
4,43,47.4,177698.3358,2500798.29,0.016,21.182,264.794,,,,,,,,,,,
4,43,47.6,177698.3357,2500798.29,0.018,14.392,264.565,,,,,,,,,,,
4,43,47.8,177698.3357,2500798.29,0.009,0,264.779,,,,,,,,,,,
4,43,48,177698.3357,2500798.29,0.015,352.983,264.744,,,,,,,,,,,
4,43,48.2,177698.3357,2500798.291,0.007,0,264.61,,,,,,,,,,,
4,43,48.4,177698.3356,2500798.291,0.011,314.001,264.76,,,,,,,,,,,
4,43,48.6,177698.3356,2500798.291,0.004,0,264.569,,,,,,,,,,,
4,43,48.8,177698.3356,2500798.291,0.009,0,264.691,,,,,,,,,,,
4,43,49,177698.3356,2500798.291,0.019,185.653,264.793,,,,,,,,,,,
4,43,49.2,177698.3356,2500798.291,0.027,192.474,264.812,,,,,,,,,,,
4,43,49.4,177698.3355,2500798.291,0.022,166.653,264.606,,,,,,,,,,,
4,43,49.6,177698.3355,2500798.291,0.016,208.317,264.668,,,,,,,,,,,
4,43,49.8,177698.3355,2500798.291,0.022,171.27,264.528,,,,,,,,,,,
4,43,50,177698.3355,2500798.292,0.022,232.498,264.811,,,,,,,,,,,
4,43,50.2,177698.3355,2500798.292,0.014,238.654,264.573,,,,,,,,,,,
4,43,50.4,177698.3354,2500798.292,0.009,0,264.5,,,,,,,,,,,
4,43,50.6,177698.3354,2500798.292,0.007,0,264.642,,,,,,,,,,,
4,43,50.8,177698.3354,2500798.292,0.011,343.618,264.544,,,,,,,,,,,
4,43,51,177698.3354,2500798.292,0.011,23.667,264.611,,,,,,,,,,,
4,43,51.2,177698.3353,2500798.292,0.008,0,264.768,,,,,,,,,,,
4,43,51.4,177698.3353,2500798.292,0.013,268.53,264.887,,,,,,,,,,,
4,43,51.6,177698.3353,2500798.292,0.009,0,264.895,,,,,,,,,,,
4,43,51.8,177698.3353,2500798.292,0.015,267.993,264.757,,,,,,,,,,,
4,43,52,177698.3352,2500798.293,0.01,0,264.723,,,,,,,,,,,
4,43,52.2,177698.3352,2500798.293,0.01,280.957,264.889,,,,,,,,,,,
4,43,52.4,177698.3352,2500798.293,0.018,322.641,264.935,,,,,,,,,,,
4,43,52.6,177698.3352,2500798.293,0.007,0,264.756,,,,,,,,,,,
4,43,52.8,177698.3351,2500798.293,0.01,14.796,264.869,,,,,,,,,,,
4,43,53,177698.3351,2500798.293,0.014,221.998,264.727,,,,,,,,,,,
4,43,53.2,177698.3351,2500798.293,0.009,0,264.804,,,,,,,,,,,
4,43,53.4,177698.335,2500798.293,0.017,256.916,264.839,,,,,,,,,,,
4,43,53.6,177698.335,2500798.293,0.016,234.714,264.847,,,,,,,,,,,
4,43,53.8,177698.335,2500798.294,0.011,206.084,264.799,,,,,,,,,,,
4,43,54,177698.3349,2500798.294,0.012,149.544,264.711,,,,,,,,,,,
4,43,54.2,177698.3349,2500798.294,0.015,161.356,264.659,,,,,,,,,,,
4,43,54.4,177698.3349,2500798.294,0.031,158.076,264.529,,,,,,,,,,,
4,43,54.6,177698.3348,2500798.294,0.02,176.206,264.712,,,,,,,,,,,
4,43,54.8,177698.3348,2500798.294,0.025,200.797,264.608,,,,,,,,,,,
4,43,55,177698.3348,2500798.294,0.016,216.964,264.609,,,,,,,,,,,
4,43,55.2,177698.3348,2500798.294,0.004,0,264.421,,,,,,,,,,,
4,43,55.4,177698.3347,2500798.294,0.025,337.792,264.491,,,,,,,,,,,
4,43,55.6,177698.3347,2500798.295,0.022,344.93,264.443,,,,,,,,,,,
4,43,55.8,177698.3347,2500798.295,0.021,340.375,264.448,,,,,,,,,,,
4,43,56,177698.3346,2500798.295,0.034,353.118,264.626,,,,,,,,,,,
4,43,56.2,177698.3346,2500798.295,0.026,1.645,264.514,,,,,,,,,,,
4,43,56.4,177698.3345,2500798.295,0.004,0,264.609,,,,,,,,,,,
4,43,56.6,177698.3345,2500798.295,0.012,314.004,264.655,,,,,,,,,,,
4,43,56.8,177698.3345,2500798.295,0.013,168.786,264.636,,,,,,,,,,,
4,43,57,177698.3345,2500798.295,0.018,194.123,264.607,,,,,,,,,,,
4,43,57.2,177698.3344,2500798.295,0.025,174.651,264.576,,,,,,,,,,,
4,43,57.4,177698.3344,2500798.296,0.021,190.201,264.594,,,,,,,,,,,
4,43,57.6,177698.3344,2500798.296,0.015,196.762,264.533,,,,,,,,,,,
4,43,57.8,177698.3343,2500798.296,0.018,172.287,264.532,,,,,,,,,,,
4,43,58,177698.3343,2500798.296,0.012,207.26,264.574,,,,,,,,,,,
4,43,58.2,177698.3343,2500798.296,0.01,248.007,264.404,,,,,,,,,,,
4,43,58.4,177698.3343,2500798.296,0.012,278.642,264.43,,,,,,,,,,,
4,43,58.6,177698.3342,2500798.296,0.006,0,264.638,,,,,,,,,,,
4,43,58.8,177698.3342,2500798.296,0.013,319.029,264.6,,,,,,,,,,,
4,43,59,177698.3342,2500798.296,0.006,0,264.472,,,,,,,,,,,
4,43,59.2,177698.3341,2500798.297,0.009,0,264.683,,,,,,,,,,,
4,43,59.4,177698.3341,2500798.297,0.004,0,264.593,,,,,,,,,,,
4,43,59.6,177698.3341,2500798.297,0.013,87.471,264.503,,,,,,,,,,,
4,43,59.8,177698.334,2500798.297,0.007,0,264.605,,,,,,,,,,,
4,44,0,177698.334,2500798.297,0.004,0,264.628,,,,,,,,,,,
4,44,0.2,177698.334,2500798.297,0.012,16.635,264.619,,,,,,,,,,,
4,44,0.4,177698.3339,2500798.297,0.019,352.41,264.452,,,,,,,,,,,
4,44,0.6,177698.3339,2500798.297,0.015,55.895,264.426,,,,,,,,,,,
4,44,0.8,177698.3339,2500798.297,0.009,0,264.535,,,,,,,,,,,
4,44,1,177698.3338,2500798.298,0.004,0,264.478,,,,,,,,,,,
4,44,1.2,177698.3338,2500798.298,0.009,0,264.504,,,,,,,,,,,
4,44,1.4,177698.3338,2500798.298,0.015,202.985,264.712,,,,,,,,,,,
4,44,1.6,177698.3337,2500798.298,0.007,0,264.409,,,,,,,,,,,
4,44,1.8,177698.3337,2500798.298,0.018,160.746,264.685,,,,,,,,,,,
4,44,2,177698.3337,2500798.298,0.019,198.697,264.545,,,,,,,,,,,
4,44,2.2,177698.3337,2500798.298,0.019,155.206,264.615,,,,,,,,,,,
4,44,2.4,177698.3336,2500798.298,0.015,161.73,264.67,,,,,,,,,,,
4,44,2.6,177698.3336,2500798.298,0.014,121.656,264.545,,,,,,,,,,,
4,44,2.8,177698.3336,2500798.299,0.004,0,264.527,,,,,,,,,,,
4,44,3,177698.3336,2500798.299,0.021,36.535,264.415,,,,,,,,,,,
4,44,3.2,177698.3336,2500798.299,0.021,45.378,264.638,,,,,,,,,,,
4,44,3.4,177698.3335,2500798.299,0.008,0,264.715,,,,,,,,,,,
4,44,3.6,177698.3335,2500798.299,0.015,228.478,264.723,,,,,,,,,,,
4,44,3.8,177698.3335,2500798.299,0.006,0,264.721,,,,,,,,,,,
4,44,4,177698.3335,2500798.299,0.009,0,264.877,,,,,,,,,,,
4,44,4.2,177698.3335,2500798.299,0.015,287.228,264.829,,,,,,,,,,,
4,44,4.4,177698.3334,2500798.3,0.018,267.354,264.763,,,,,,,,,,,
4,44,4.6,177698.3334,2500798.3,0.022,284.339,264.989,,,,,,,,,,,
4,44,4.8,177698.3334,2500798.3,0.008,0,265.016,,,,,,,,,,,
4,44,5,177698.3334,2500798.3,0.028,183.805,264.91,,,,,,,,,,,
4,44,5.2,177698.3334,2500798.3,0.011,207.244,264.824,,,,,,,,,,,
4,44,5.4,177698.3333,2500798.3,0.016,167.225,265.093,,,,,,,,,,,
4,44,5.6,177698.3333,2500798.3,0.007,0,265.043,,,,,,,,,,,
4,44,5.8,177698.3333,2500798.3,0.006,0,265.108,,,,,,,,,,,
4,44,6,177698.3333,2500798.3,0.007,0,265.023,,,,,,,,,,,
4,44,6.2,177698.3332,2500798.301,0.011,60.702,264.975,,,,,,,,,,,
4,44,6.4,177698.3332,2500798.301,0.007,0,265.046,,,,,,,,,,,
4,44,6.6,177698.3332,2500798.301,0.01,147.648,264.947,,,,,,,,,,,
4,44,6.8,177698.3332,2500798.301,0.016,10.94,265.069,,,,,,,,,,,
4,44,7,177698.3332,2500798.301,0.004,0,264.95,,,,,,,,,,,
4,44,7.2,177698.3332,2500798.301,0.018,204.992,265.284,,,,,,,,,,,
4,44,7.4,177698.3331,2500798.301,0.021,193.919,265.153,,,,,,,,,,,
4,44,7.6,177698.3331,2500798.301,0.063,209.548,265.185,,,,,,,,,,,
4,44,7.8,177698.3331,2500798.302,0.023,214.749,265.474,,,,,,,,,,,
4,44,8,177698.3331,2500798.302,0.012,194.474,265.425,,,,,,,,,,,
4,44,8.2,177698.3331,2500798.302,0.01,197.695,265.342,,,,,,,,,,,
4,44,8.4,177698.3331,2500798.302,0.018,157.268,265.293,,,,,,,,,,,
4,44,8.6,177698.3331,2500798.302,0.009,0,265.425,,,,,,,,,,,
4,44,8.8,177698.3331,2500798.302,0.012,85.61,265.272,,,,,,,,,,,
4,44,9,177698.3331,2500798.302,0.026,38.724,265.132,,,,,,,,,,,
4,44,9.2,177698.3331,2500798.302,0.021,3.068,265.372,,,,,,,,,,,
4,44,9.4,177698.3331,2500798.303,0.031,26.099,265.357,,,,,,,,,,,
4,44,9.6,177698.3331,2500798.303,0.031,1.557,265.547,,,,,,,,,,,
4,44,9.8,177698.3331,2500798.303,0.016,2.203,265.316,,,,,,,,,,,
4,44,10,177698.3331,2500798.303,0.011,333.188,265.548,,,,,,,,,,,
4,44,10.2,177698.3331,2500798.303,0.016,317.411,265.444,,,,,,,,,,,
4,44,10.4,177698.3331,2500798.303,0.014,225.425,265.539,,,,,,,,,,,
4,44,10.6,177698.3331,2500798.303,0.01,238.459,265.467,,,,,,,,,,,
4,44,10.8,177698.3331,2500798.304,0.014,179.295,265.494,,,,,,,,,,,
4,44,11,177698.3331,2500798.304,0.013,160.441,265.643,,,,,,,,,,,
4,44,11.2,177698.3331,2500798.304,0.017,131.174,265.494,,,,,,,,,,,
4,44,11.4,177698.3331,2500798.304,0.023,156.472,265.496,,,,,,,,,,,
4,44,11.6,177698.3331,2500798.304,0.028,140.339,265.343,,,,,,,,,,,
4,44,11.8,177698.3331,2500798.304,0.023,151.985,265.565,,,,,,,,,,,
4,44,12,177698.3331,2500798.304,0.019,123.022,265.416,,,,,,,,,,,
4,44,12.2,177698.3331,2500798.304,0.014,133.457,265.518,,,,,,,,,,,
4,44,12.4,177698.3331,2500798.304,0.015,153.975,265.669,,,,,,,,,,,
4,44,12.6,177698.3331,2500798.305,0.003,0,265.718,,,,,,,,,,,
4,44,12.8,177698.3331,2500798.305,0.003,0,265.563,,,,,,,,,,,
4,44,13,177698.3331,2500798.305,0.025,337.041,265.673,,,,,,,,,,,
4,44,13.2,177698.3331,2500798.305,0.015,305.125,265.954,,,,,,,,,,,
4,44,13.4,177698.3331,2500798.305,0.02,350.4,265.996,,,,,,,,,,,
4,44,13.6,177698.3331,2500798.305,0.013,4.379,266.056,,,,,,,,,,,
4,44,13.8,177698.3331,2500798.305,0.009,0,266.057,,,,,,,,,,,
4,44,14,177698.3331,2500798.305,0.012,42.906,266.131,,,,,,,,,,,
4,44,14.2,177698.3332,2500798.306,0.015,34.13,266.167,,,,,,,,,,,
4,44,14.4,177698.3332,2500798.306,0.02,43.411,266.052,,,,,,,,,,,
4,44,14.6,177698.3332,2500798.306,0.01,0,266.171,,,,,,,,,,,
4,44,14.8,177698.3332,2500798.306,0.003,0,266.359,,,,,,,,,,,
4,44,15,177698.3333,2500798.306,0.011,55.928,266.463,,,,,,,,,,,
4,44,15.2,177698.3333,2500798.306,0.014,3.403,266.551,,,,,,,,,,,
4,44,15.4,177698.3333,2500798.306,0.007,0,266.445,,,,,,,,,,,
4,44,15.6,177698.3333,2500798.307,0.008,0,266.53,,,,,,,,,,,
4,44,15.8,177698.3334,2500798.307,0.023,210.64,266.57,,,,,,,,,,,
4,44,16,177698.3334,2500798.307,0.022,214.505,266.667,,,,,,,,,,,
4,44,16.2,177698.3334,2500798.307,0.02,169.929,266.54,,,,,,,,,,,
4,44,16.4,177698.3334,2500798.307,0.015,167.131,266.753,,,,,,,,,,,
4,44,16.6,177698.3335,2500798.307,0.016,119.921,266.86,,,,,,,,,,,
4,44,16.8,177698.3335,2500798.307,0.013,143.639,266.965,,,,,,,,,,,
4,44,17,177698.3335,2500798.307,0.005,0,266.949,,,,,,,,,,,
4,44,17.2,177698.3335,2500798.308,0.01,104.057,267.242,,,,,,,,,,,
4,44,17.4,177698.3336,2500798.308,0.008,0,267.254,,,,,,,,,,,
4,44,17.6,177698.3336,2500798.308,0.002,0,267.082,,,,,,,,,,,
4,44,17.8,177698.3336,2500798.308,0.004,0,267.23,,,,,,,,,,,
4,44,18,177698.3337,2500798.308,0.021,162.993,267.472,,,,,,,,,,,
4,44,18.2,177698.3337,2500798.308,0.01,199.657,267.404,,,,,,,,,,,
4,44,18.4,177698.3337,2500798.308,0.003,0,267.462,,,,,,,,,,,
4,44,18.6,177698.3337,2500798.308,0.016,291.517,267.518,,,,,,,,,,,
4,44,18.8,177698.3338,2500798.309,0.01,0,267.515,,,,,,,,,,,
4,44,19,177698.3338,2500798.309,0.021,331.369,267.477,,,,,,,,,,,
4,44,19.2,177698.3338,2500798.309,0.011,29.524,267.522,,,,,,,,,,,
4,44,19.4,177698.3338,2500798.309,0.014,61.627,267.649,,,,,,,,,,,
4,44,19.6,177698.3339,2500798.309,0.005,0,267.712,,,,,,,,,,,
4,44,19.8,177698.3339,2500798.309,0.02,131.156,267.388,,,,,,,,,,,
4,44,20,177698.3339,2500798.309,0.019,176.741,267.55,,,,,,,,,,,
4,44,20.2,177698.334,2500798.309,0.009,0,267.356,,,,,,,,,,,
4,44,20.4,177698.334,2500798.31,0.006,0,267.415,,,,,,,,,,,
4,44,20.6,177698.334,2500798.31,0.024,231.542,267.473,,,,,,,,,,,
4,44,20.8,177698.3341,2500798.31,0.011,269.044,267.236,,,,,,,,,,,
4,44,21,177698.3341,2500798.31,0.011,285.141,267.401,,,,,,,,,,,
4,44,21.2,177698.3341,2500798.31,0.026,314.66,267.438,,,,,,,,,,,
4,44,21.4,177698.3342,2500798.31,0.019,329.481,267.102,,,,,,,,,,,
4,44,21.6,177698.3342,2500798.31,0.03,351.801,267.024,,,,,,,,,,,
4,44,21.8,177698.3342,2500798.31,0.017,332.451,267.072,,,,,,,,,,,
4,44,22,177698.3342,2500798.311,0.014,348.782,267.176,,,,,,,,,,,
4,44,22.2,177698.3342,2500798.311,0.018,345.904,267.136,,,,,,,,,,,
4,44,22.4,177698.3343,2500798.311,0.021,321.296,267.049,,,,,,,,,,,
4,44,22.6,177698.3343,2500798.311,0.009,0,267.129,,,,,,,,,,,
4,44,22.8,177698.3343,2500798.311,0.015,305.721,267.149,,,,,,,,,,,
4,44,23,177698.3343,2500798.311,0.006,0,266.836,,,,,,,,,,,
4,44,23.2,177698.3343,2500798.311,0.009,0,266.879,,,,,,,,,,,
4,44,23.4,177698.3344,2500798.311,0.01,184.962,266.908,,,,,,,,,,,
4,44,23.6,177698.3344,2500798.312,0.023,185.816,266.792,,,,,,,,,,,
4,44,23.8,177698.3344,2500798.312,0.034,185.384,266.562,,,,,,,,,,,
4,44,24,177698.3344,2500798.312,0.031,229.395,266.794,,,,,,,,,,,
4,44,24.2,177698.3344,2500798.312,0.014,220.699,266.725,,,,,,,,,,,
4,44,24.4,177698.3344,2500798.312,0.024,237.734,266.616,,,,,,,,,,,
4,44,24.6,177698.3345,2500798.312,0.025,268.036,266.521,,,,,,,,,,,
4,44,24.8,177698.3345,2500798.312,0.017,277.569,266.436,,,,,,,,,,,
4,44,25,177698.3345,2500798.313,0.02,310.592,266.542,,,,,,,,,,,
4,44,25.2,177698.3345,2500798.313,0.014,304.98,266.515,,,,,,,,,,,
4,44,25.4,177698.3345,2500798.313,0.005,0,266.627,,,,,,,,,,,
4,44,25.6,177698.3345,2500798.313,0.024,21.731,266.33,,,,,,,,,,,
4,44,25.8,177698.3345,2500798.313,0.019,53.631,266.303,,,,,,,,,,,
4,44,26,177698.3345,2500798.313,0.007,0,266.365,,,,,,,,,,,
4,44,26.2,177698.3345,2500798.313,0.012,7.621,266.049,,,,,,,,,,,
4,44,26.4,177698.3345,2500798.313,0.012,328.319,265.998,,,,,,,,,,,
4,44,26.6,177698.3345,2500798.314,0.009,0,266.246,,,,,,,,,,,
4,44,26.8,177698.3346,2500798.314,0.022,254.272,266.072,,,,,,,,,,,
4,44,27,177698.3346,2500798.314,0.018,224.908,265.945,,,,,,,,,,,
4,44,27.2,177698.3346,2500798.314,0.039,215.726,266.212,,,,,,,,,,,
4,44,27.4,177698.3346,2500798.314,0.022,231.968,266.126,,,,,,,,,,,
4,44,27.6,177698.3346,2500798.314,0.032,213.291,266.213,,,,,,,,,,,
4,44,27.8,177698.3346,2500798.314,0.006,0,265.815,,,,,,,,,,,
4,44,28,177698.3346,2500798.315,0.01,0,266.018,,,,,,,,,,,
4,44,28.2,177698.3346,2500798.315,0.013,336.399,265.973,,,,,,,,,,,
4,44,28.4,177698.3346,2500798.315,0.019,2.953,265.59,,,,,,,,,,,
4,44,28.6,177698.3346,2500798.315,0.004,0,265.634,,,,,,,,,,,
4,44,28.8,177698.3346,2500798.315,0.016,25.289,265.637,,,,,,,,,,,
4,44,29,177698.3346,2500798.315,0.023,5.399,265.481,,,,,,,,,,,
4,44,29.2,177698.3346,2500798.315,0.009,0,265.263,,,,,,,,,,,
4,44,29.4,177698.3346,2500798.316,0.013,334.14,265.443,,,,,,,,,,,
4,44,29.6,177698.3346,2500798.316,0.006,0,265.275,,,,,,,,,,,
4,44,29.8,177698.3346,2500798.316,0.012,239.146,265.397,,,,,,,,,,,
4,44,30,177698.3346,2500798.316,0.005,0,265.066,,,,,,,,,,,
4,44,30.2,177698.3346,2500798.316,0.016,213.212,265.165,,,,,,,,,,,
4,44,30.4,177698.3346,2500798.316,0.004,0,265.153,,,,,,,,,,,
4,44,30.6,177698.3346,2500798.316,0.008,0,265.066,,,,,,,,,,,
4,44,30.8,177698.3346,2500798.317,0.01,106.471,265.02,,,,,,,,,,,
4,44,31,177698.3346,2500798.317,0.014,131.922,264.814,,,,,,,,,,,
4,44,31.2,177698.3346,2500798.317,0.018,185.023,264.862,,,,,,,,,,,
4,44,31.4,177698.3346,2500798.317,0.035,181.812,264.696,,,,,,,,,,,
4,44,31.6,177698.3346,2500798.317,0.041,213.327,264.7,,,,,,,,,,,
4,44,31.8,177698.3346,2500798.317,0.037,209.531,264.717,,,,,,,,,,,
4,44,32,177698.3346,2500798.317,0.024,205.035,264.768,,,,,,,,,,,
4,44,32.2,177698.3346,2500798.317,0.007,0,264.498,,,,,,,,,,,
4,44,32.4,177698.3346,2500798.318,0.007,0,264.509,,,,,,,,,,,
4,44,32.6,177698.3346,2500798.318,0.006,0,264.607,,,,,,,,,,,
4,44,32.8,177698.3346,2500798.318,0.019,22.024,264.438,,,,,,,,,,,
4,44,33,177698.3346,2500798.318,0.013,41.693,264.409,,,,,,,,,,,
4,44,33.2,177698.3346,2500798.318,0.01,314.682,264.429,,,,,,,,,,,
4,44,33.4,177698.3346,2500798.318,0.013,237.767,264.582,,,,,,,,,,,
4,44,33.6,177698.3346,2500798.318,0.023,266.393,264.37,,,,,,,,,,,
4,44,33.8,177698.3346,2500798.318,0.013,285.324,264.346,,,,,,,,,,,
4,44,34,177698.3346,2500798.319,0.027,269.009,264.453,,,,,,,,,,,
4,44,34.2,177698.3346,2500798.319,0.018,255.173,264.254,,,,,,,,,,,
4,44,34.4,177698.3346,2500798.319,0.022,284.581,264.447,,,,,,,,,,,
4,44,34.6,177698.3346,2500798.319,0.016,221.855,264.184,,,,,,,,,,,
4,44,34.8,177698.3346,2500798.319,0.023,205.421,264.268,,,,,,,,,,,
4,44,35,177698.3346,2500798.319,0.035,192.188,264.188,,,,,,,,,,,
4,44,35.2,177698.3346,2500798.319,0.03,189.667,264.359,,,,,,,,,,,
4,44,35.4,177698.3346,2500798.32,0.024,178.211,264.138,,,,,,,,,,,
4,44,35.6,177698.3346,2500798.32,0.027,203.772,264.358,,,,,,,,,,,
4,44,35.8,177698.3345,2500798.32,0.021,203.7,264.355,,,,,,,,,,,
4,44,36,177698.3345,2500798.32,0.012,235.007,264.46,,,,,,,,,,,
4,44,36.2,177698.3345,2500798.32,0.014,181.399,264.333,,,,,,,,,,,
4,44,36.4,177698.3345,2500798.32,0.014,269.676,264.449,,,,,,,,,,,
4,44,36.6,177698.3345,2500798.32,0.018,320.219,264.675,,,,,,,,,,,
4,44,36.8,177698.3345,2500798.32,0.039,336.95,264.428,,,,,,,,,,,
4,44,37,177698.3344,2500798.321,0.047,345.249,264.46,,,,,,,,,,,
4,44,37.2,177698.3344,2500798.321,0.045,330.833,264.612,,,,,,,,,,,
4,44,37.4,177698.3344,2500798.321,0.027,342.68,264.518,,,,,,,,,,,
4,44,37.6,177698.3344,2500798.321,0.033,339.256,264.518,,,,,,,,,,,
4,44,37.8,177698.3343,2500798.321,0.016,11.286,264.33,,,,,,,,,,,
4,44,38,177698.3343,2500798.321,0.007,0,264.542,,,,,,,,,,,
4,44,38.2,177698.3343,2500798.321,0.011,175.519,264.392,,,,,,,,,,,
4,44,38.4,177698.3343,2500798.322,0.028,199.706,264.485,,,,,,,,,,,
4,44,38.6,177698.3342,2500798.322,0.03,193.486,264.36,,,,,,,,,,,
4,44,38.8,177698.3342,2500798.322,0.039,170.181,264.526,,,,,,,,,,,
4,44,39,177698.3342,2500798.322,0.038,165.735,264.641,,,,,,,,,,,
4,44,39.2,177698.3342,2500798.322,0.025,139.434,264.596,,,,,,,,,,,
4,44,39.4,177698.3341,2500798.322,0.026,130.081,264.489,,,,,,,,,,,
4,44,39.6,177698.3341,2500798.322,0.009,0,264.597,,,,,,,,,,,
4,44,39.8,177698.3341,2500798.323,0.021,13.747,264.565,,,,,,,,,,,
4,44,40,177698.3341,2500798.323,0.014,331.809,264.444,,,,,,,,,,,
4,44,40.2,177698.3341,2500798.323,0.031,353.262,264.474,,,,,,,,,,,
4,44,40.4,177698.3341,2500798.323,0.044,327.549,264.255,,,,,,,,,,,
4,44,40.6,177698.334,2500798.323,0.028,310.969,264.424,,,,,,,,,,,
4,44,40.8,177698.334,2500798.323,0.039,329.641,264.276,,,,,,,,,,,
4,44,41,177698.334,2500798.323,0.038,354.099,264.353,,,,,,,,,,,
4,44,41.2,177698.334,2500798.324,0.02,0.65,264.519,,,,,,,,,,,
4,44,41.4,177698.334,2500798.324,0.033,23.408,264.392,,,,,,,,,,,
4,44,41.6,177698.3339,2500798.324,0.023,45.813,264.4,,,,,,,,,,,
4,44,41.8,177698.3339,2500798.324,0.023,74.118,264.277,,,,,,,,,,,
4,44,42,177698.3339,2500798.324,0.025,119.471,264.408,,,,,,,,,,,
4,44,42.2,177698.3339,2500798.324,0.024,117.47,264.534,,,,,,,,,,,
4,44,42.4,177698.3339,2500798.324,0.029,165.687,264.447,,,,,,,,,,,
4,44,42.6,177698.3339,2500798.325,0.04,190.988,264.463,,,,,,,,,,,
4,44,42.8,177698.3338,2500798.325,0.04,205.03,264.534,,,,,,,,,,,
4,44,43,177698.3338,2500798.325,0.035,211.93,264.667,,,,,,,,,,,
4,44,43.2,177698.3338,2500798.325,0.028,219.027,264.333,,,,,,,,,,,
4,44,43.4,177698.3338,2500798.325,0.024,223.556,264.569,,,,,,,,,,,
4,44,43.6,177698.3338,2500798.325,0.018,330.412,264.411,,,,,,,,,,,
4,44,43.8,177698.3338,2500798.325,0.021,21.619,264.473,,,,,,,,,,,
4,44,44,177698.3337,2500798.326,0.036,359.122,264.39,,,,,,,,,,,
4,44,44.2,177698.3337,2500798.326,0.04,24.236,264.368,,,,,,,,,,,
4,44,44.4,177698.3337,2500798.326,0.036,17.479,264.408,,,,,,,,,,,
4,44,44.6,177698.3337,2500798.326,0.023,4.678,264.333,,,,,,,,,,,
4,44,44.8,177698.3337,2500798.326,0.006,0,264.368,,,,,,,,,,,
4,44,45,177698.3336,2500798.326,0.012,253.184,264.328,,,,,,,,,,,
4,44,45.2,177698.3336,2500798.326,0.015,219.92,264.46,,,,,,,,,,,
4,44,45.4,177698.3336,2500798.327,0.025,216.524,264.487,,,,,,,,,,,
4,44,45.6,177698.3336,2500798.327,0.026,211.783,264.6,,,,,,,,,,,
4,44,45.8,177698.3335,2500798.327,0.016,237.356,264.616,,,,,,,,,,,
4,44,46,177698.3335,2500798.327,0.008,0,264.633,,,,,,,,,,,
4,44,46.2,177698.3335,2500798.327,0.005,0,264.382,,,,,,,,,,,
4,44,46.4,177698.3335,2500798.327,0.01,117.806,264.476,,,,,,,,,,,
4,44,46.6,177698.3334,2500798.327,0.017,124.07,264.532,,,,,,,,,,,
4,44,46.8,177698.3334,2500798.328,0.009,0,264.601,,,,,,,,,,,
4,44,47,177698.3334,2500798.328,0.021,195.688,264.563,,,,,,,,,,,
4,44,47.2,177698.3334,2500798.328,0.019,216.868,264.491,,,,,,,,,,,
4,44,47.4,177698.3333,2500798.328,0.02,212.833,264.726,,,,,,,,,,,
4,44,47.6,177698.3333,2500798.328,0.013,259.932,264.72,,,,,,,,,,,
4,44,47.8,177698.3333,2500798.328,0.008,0,264.614,,,,,,,,,,,
4,44,48,177698.3332,2500798.328,0.009,0,264.654,,,,,,,,,,,
4,44,48.2,177698.3332,2500798.328,0.006,0,264.645,,,,,,,,,,,
4,44,48.4,177698.3332,2500798.329,0.011,23.943,264.579,,,,,,,,,,,
4,44,48.6,177698.3331,2500798.329,0.021,100.336,264.46,,,,,,,,,,,
4,44,48.8,177698.3331,2500798.329,0.014,156.792,264.671,,,,,,,,,,,
4,44,49,177698.3331,2500798.329,0.011,115.02,264.703,,,,,,,,,,,
4,44,49.2,177698.3331,2500798.329,0.026,152.386,264.695,,,,,,,,,,,
4,44,49.4,177698.333,2500798.329,0.012,212.59,264.601,,,,,,,,,,,
4,44,49.6,177698.333,2500798.329,0.01,248.362,264.647,,,,,,,,,,,
4,44,49.8,177698.333,2500798.329,0.011,293.334,264.659,,,,,,,,,,,
4,44,50,177698.333,2500798.33,0.016,271.049,264.635,,,,,,,,,,,
4,44,50.2,177698.3329,2500798.33,0.018,272.375,264.688,,,,,,,,,,,
4,44,50.4,177698.3329,2500798.33,0.013,325.837,264.575,,,,,,,,,,,
4,44,50.6,177698.3329,2500798.33,0.01,58.668,264.689,,,,,,,,,,,
4,44,50.8,177698.3328,2500798.33,0.023,65.373,264.692,,,,,,,,,,,
4,44,51,177698.3328,2500798.33,0.031,73.836,264.605,,,,,,,,,,,
4,44,51.2,177698.3328,2500798.33,0.028,91.445,264.622,,,,,,,,,,,
4,44,51.4,177698.3327,2500798.33,0.033,133.768,264.754,,,,,,,,,,,
4,44,51.6,177698.3327,2500798.331,0.017,130.988,264.773,,,,,,,,,,,
4,44,51.8,177698.3327,2500798.331,0.022,158.343,264.448,,,,,,,,,,,
4,44,52,177698.3327,2500798.331,0.018,177.702,264.519,,,,,,,,,,,
4,44,52.2,177698.3327,2500798.331,0.006,0,264.742,,,,,,,,,,,
4,44,52.4,177698.3327,2500798.331,0.012,247.493,264.872,,,,,,,,,,,
4,44,52.6,177698.3326,2500798.331,0.015,311.032,264.698,,,,,,,,,,,
4,44,52.8,177698.3326,2500798.331,0.013,307.216,264.887,,,,,,,,,,,
4,44,53,177698.3326,2500798.331,0.011,303.745,264.879,,,,,,,,,,,
4,44,53.2,177698.3326,2500798.331,0.01,121.206,264.614,,,,,,,,,,,
4,44,53.4,177698.3326,2500798.332,0.012,79.513,264.728,,,,,,,,,,,
4,44,53.6,177698.3326,2500798.332,0.022,103.322,264.824,,,,,,,,,,,
4,44,53.8,177698.3325,2500798.332,0.02,121.407,264.59,,,,,,,,,,,
4,44,54,177698.3325,2500798.332,0.018,136.972,264.555,,,,,,,,,,,
4,44,54.2,177698.3325,2500798.332,0.01,207.07,264.837,,,,,,,,,,,
4,44,54.4,177698.3325,2500798.332,0.008,0,264.663,,,,,,,,,,,
4,44,54.6,177698.3325,2500798.332,0.024,328.523,264.854,,,,,,,,,,,
4,44,54.8,177698.3325,2500798.332,0.026,323.222,264.879,,,,,,,,,,,
4,44,55,177698.3325,2500798.333,0.021,310.59,264.926,,,,,,,,,,,
4,44,55.2,177698.3325,2500798.333,0.026,325.703,265.001,,,,,,,,,,,
4,44,55.4,177698.3325,2500798.333,0.017,343.117,264.825,,,,,,,,,,,
4,44,55.6,177698.3324,2500798.333,0.011,231.486,264.957,,,,,,,,,,,
4,44,55.8,177698.3324,2500798.333,0.009,0,264.817,,,,,,,,,,,
4,44,56,177698.3324,2500798.333,0.015,206.122,264.957,,,,,,,,,,,
4,44,56.2,177698.3324,2500798.333,0.03,214.335,264.893,,,,,,,,,,,
4,44,56.4,177698.3324,2500798.333,0.039,192.505,264.855,,,,,,,,,,,
4,44,56.6,177698.3323,2500798.334,0.021,220.617,264.845,,,,,,,,,,,
4,44,56.8,177698.3323,2500798.334,0.025,223.151,264.942,,,,,,,,,,,
4,44,57,177698.3323,2500798.334,0.021,239.265,265.05,,,,,,,,,,,
4,44,57.2,177698.3322,2500798.334,0.012,162.94,264.832,,,,,,,,,,,
4,44,57.4,177698.3322,2500798.334,0.002,0,265.046,,,,,,,,,,,
4,44,57.6,177698.3322,2500798.334,0.007,0,264.881,,,,,,,,,,,
4,44,57.8,177698.3322,2500798.334,0.01,7.902,265.082,,,,,,,,,,,
4,44,58,177698.3321,2500798.334,0.005,0,264.96,,,,,,,,,,,
4,44,58.2,177698.3321,2500798.334,0.012,327.523,265.136,,,,,,,,,,,
4,44,58.4,177698.3321,2500798.334,0.014,284.552,265.226,,,,,,,,,,,
4,44,58.6,177698.332,2500798.335,0.01,306.016,265.012,,,,,,,,,,,
4,44,58.8,177698.332,2500798.335,0.008,0,264.954,,,,,,,,,,,
4,44,59,177698.332,2500798.335,0.01,207.242,265.017,,,,,,,,,,,
4,44,59.2,177698.3319,2500798.335,0.002,0,265.15,,,,,,,,,,,
4,44,59.4,177698.3319,2500798.335,0.017,180.306,264.924,,,,,,,,,,,
4,44,59.6,177698.3319,2500798.335,0.007,0,265.009,,,,,,,,,,,
4,44,59.8,177698.3318,2500798.335,0.003,0,264.876,,,,,,,,,,,
4,45,0,177698.3318,2500798.335,0.003,0,265.006,,,,,,,,,,,
4,45,0.2,177698.3318,2500798.335,0.008,0,264.696,,,,,,,,,,,
4,45,0.4,177698.3317,2500798.335,0.007,0,264.572,,,,,,,,,,,
4,45,0.6,177698.3317,2500798.336,0.014,143.367,264.781,,,,,,,,,,,
4,45,0.8,177698.3317,2500798.336,0.018,70.331,264.639,,,,,,,,,,,
4,45,1,177698.3316,2500798.336,0.015,139.235,264.616,,,,,,,,,,,
4,45,1.2,177698.3316,2500798.336,0.012,206.23,264.733,,,,,,,,,,,
4,45,1.4,177698.3316,2500798.336,0.007,0,264.639,,,,,,,,,,,
4,45,1.6,177698.3316,2500798.336,0.014,156.834,264.58,,,,,,,,,,,
4,45,1.8,177698.3315,2500798.336,0.007,0,264.612,,,,,,,,,,,
4,45,2,177698.3315,2500798.336,0.008,0,264.645,,,,,,,,,,,
4,45,2.2,177698.3315,2500798.336,0.007,0,264.59,,,,,,,,,,,
4,45,2.4,177698.3315,2500798.336,0.009,0,264.407,,,,,,,,,,,
4,45,2.6,177698.3314,2500798.337,0.005,0,264.374,,,,,,,,,,,
4,45,2.8,177698.3314,2500798.337,0.008,0,264.541,,,,,,,,,,,
4,45,3,177698.3314,2500798.337,0.012,46.404,264.306,,,,,,,,,,,
4,45,3.2,177698.3314,2500798.337,0.009,0,264.546,,,,,,,,,,,
4,45,3.4,177698.3314,2500798.337,0.015,188.045,264.317,,,,,,,,,,,
4,45,3.6,177698.3314,2500798.337,0.023,206.067,264.281,,,,,,,,,,,
4,45,3.8,177698.3313,2500798.337,0.03,221.225,264.384,,,,,,,,,,,
4,45,4,177698.3313,2500798.337,0.033,208.999,264.462,,,,,,,,,,,
4,45,4.2,177698.3313,2500798.337,0.034,208.176,264.477,,,,,,,,,,,
4,45,4.4,177698.3313,2500798.337,0.011,193.742,264.264,,,,,,,,,,,
4,45,4.6,177698.3312,2500798.338,0.008,0,264.533,,,,,,,,,,,
4,45,4.8,177698.3312,2500798.338,0.003,0,264.303,,,,,,,,,,,
4,45,5,177698.3312,2500798.338,0.008,0,264.46,,,,,,,,,,,
4,45,5.2,177698.3312,2500798.338,0.017,348.512,264.258,,,,,,,,,,,
4,45,5.4,177698.3312,2500798.338,0.012,325.96,264.4,,,,,,,,,,,
4,45,5.6,177698.3311,2500798.338,0.019,302.502,264.366,,,,,,,,,,,
4,45,5.8,177698.3311,2500798.338,0.016,334.747,264.415,,,,,,,,,,,
4,45,6,177698.3311,2500798.338,0.018,310.762,264.57,,,,,,,,,,,
4,45,6.2,177698.3311,2500798.338,0.004,0,264.371,,,,,,,,,,,
4,45,6.4,177698.331,2500798.338,0.013,216.101,264.491,,,,,,,,,,,
4,45,6.6,177698.331,2500798.339,0.008,0,264.329,,,,,,,,,,,
4,45,6.8,177698.331,2500798.339,0.022,180.165,264.457,,,,,,,,,,,
4,45,7,177698.331,2500798.339,0.034,168.62,264.343,,,,,,,,,,,
4,45,7.2,177698.331,2500798.339,0.027,170.942,264.442,,,,,,,,,,,
4,45,7.4,177698.3309,2500798.339,0.029,171.783,264.552,,,,,,,,,,,
4,45,7.6,177698.3309,2500798.339,0.015,180.44,264.598,,,,,,,,,,,
4,45,7.8,177698.3309,2500798.339,0.019,236.692,264.501,,,,,,,,,,,
4,45,8,177698.3309,2500798.339,0.018,280.533,264.54,,,,,,,,,,,
4,45,8.2,177698.3308,2500798.339,0.024,271.092,264.556,,,,,,,,,,,
4,45,8.4,177698.3308,2500798.339,0.034,320.844,264.54,,,,,,,,,,,
4,45,8.6,177698.3308,2500798.34,0.044,329.053,264.707,,,,,,,,,,,
4,45,8.8,177698.3307,2500798.34,0.042,335.873,264.535,,,,,,,,,,,
4,45,9,177698.3307,2500798.34,0.027,349.03,264.627,,,,,,,,,,,
4,45,9.2,177698.3307,2500798.34,0.023,354.819,264.781,,,,,,,,,,,
4,45,9.4,177698.3306,2500798.34,0.012,8.399,264.671,,,,,,,,,,,
4,45,9.6,177698.3306,2500798.34,0.009,0,264.67,,,,,,,,,,,
4,45,9.8,177698.3306,2500798.34,0.009,0,264.662,,,,,,,,,,,
4,45,10,177698.3305,2500798.34,0.011,166.019,264.733,,,,,,,,,,,
4,45,10.2,177698.3305,2500798.34,0.034,177.464,264.563,,,,,,,,,,,
4,45,10.4,177698.3305,2500798.341,0.038,187.089,264.444,,,,,,,,,,,
4,45,10.6,177698.3304,2500798.341,0.022,178.804,264.475,,,,,,,,,,,
4,45,10.8,177698.3304,2500798.341,0.024,193.773,264.532,,,,,,,,,,,
4,45,11,177698.3304,2500798.341,0.021,210.158,264.515,,,,,,,,,,,
4,45,11.2,177698.3304,2500798.341,0.02,246.79,264.453,,,,,,,,,,,
4,45,11.4,177698.3303,2500798.341,0.025,270.259,264.634,,,,,,,,,,,
4,45,11.6,177698.3303,2500798.341,0.019,275.318,264.422,,,,,,,,,,,
4,45,11.8,177698.3302,2500798.341,0.01,272.085,264.442,,,,,,,,,,,
4,45,12,177698.3302,2500798.341,0.005,0,264.428,,,,,,,,,,,
4,45,12.2,177698.3302,2500798.342,0.011,113.267,264.485,,,,,,,,,,,
4,45,12.4,177698.3301,2500798.342,0.013,27.884,264.616,,,,,,,,,,,
4,45,12.6,177698.3301,2500798.342,0.03,41.421,264.43,,,,,,,,,,,
4,45,12.8,177698.3301,2500798.342,0.03,26.888,264.357,,,,,,,,,,,
4,45,13,177698.33,2500798.342,0.019,357.671,264.472,,,,,,,,,,,
4,45,13.2,177698.33,2500798.342,0.026,345.432,264.577,,,,,,,,,,,
4,45,13.4,177698.33,2500798.342,0.018,345.247,264.389,,,,,,,,,,,
4,45,13.6,177698.33,2500798.342,0.007,0,264.442,,,,,,,,,,,
4,45,13.8,177698.3299,2500798.342,0.015,283.308,264.49,,,,,,,,,,,
4,45,14,177698.3299,2500798.343,0.01,0,264.668,,,,,,,,,,,
4,45,14.2,177698.3299,2500798.343,0.012,215.411,264.235,,,,,,,,,,,
4,45,14.4,177698.3299,2500798.343,0.015,222.432,264.422,,,,,,,,,,,
4,45,14.6,177698.3299,2500798.343,0.016,186.474,264.599,,,,,,,,,,,
4,45,14.8,177698.3298,2500798.343,0.015,197.187,264.561,,,,,,,,,,,
4,45,15,177698.3298,2500798.343,0.021,158.711,264.649,,,,,,,,,,,
4,45,15.2,177698.3298,2500798.343,0.005,0,264.505,,,,,,,,,,,
4,45,15.4,177698.3298,2500798.343,0.011,78.657,264.521,,,,,,,,,,,
4,45,15.6,177698.3298,2500798.343,0.011,73.206,264.415,,,,,,,,,,,
4,45,15.8,177698.3298,2500798.343,0.005,0,264.409,,,,,,,,,,,
4,45,16,177698.3298,2500798.344,0.006,0,264.477,,,,,,,,,,,
4,45,16.2,177698.3298,2500798.344,0.009,0,264.563,,,,,,,,,,,
4,45,16.4,177698.3298,2500798.344,0.01,285.293,264.53,,,,,,,,,,,
4,45,16.6,177698.3298,2500798.344,0.006,0,264.561,,,,,,,,,,,
4,45,16.8,177698.3298,2500798.344,0.009,0,264.65,,,,,,,,,,,
4,45,17,177698.3298,2500798.344,0.03,326.063,264.589,,,,,,,,,,,
4,45,17.2,177698.3298,2500798.344,0.03,349.437,264.548,,,,,,,,,,,
4,45,17.4,177698.3298,2500798.344,0.034,347.033,264.484,,,,,,,,,,,
4,45,17.6,177698.3298,2500798.344,0.022,348.259,264.571,,,,,,,,,,,
4,45,17.8,177698.3298,2500798.344,0.009,0,264.707,,,,,,,,,,,
4,45,18,177698.3298,2500798.344,0.022,57.251,264.564,,,,,,,,,,,
4,45,18.2,177698.3298,2500798.345,0.014,166.372,264.972,,,,,,,,,,,
4,45,18.4,177698.3298,2500798.345,0.023,157.46,264.827,,,,,,,,,,,
4,45,18.6,177698.3298,2500798.345,0.022,140.967,264.614,,,,,,,,,,,
4,45,18.8,177698.3298,2500798.345,0.021,146.567,264.538,,,,,,,,,,,
4,45,19,177698.3298,2500798.345,0.024,142.304,264.54,,,,,,,,,,,
4,45,19.2,177698.3298,2500798.345,0.019,143.018,264.364,,,,,,,,,,,
4,45,19.4,177698.3299,2500798.345,0.027,141.178,264.497,,,,,,,,,,,
4,45,19.6,177698.3299,2500798.345,0.009,0,264.35,,,,,,,,,,,
4,45,19.8,177698.3299,2500798.345,0.008,0,264.408,,,,,,,,,,,
4,45,20,177698.3299,2500798.345,0.02,199.802,264.629,,,,,,,,,,,
4,45,20.2,177698.33,2500798.345,0.021,211.758,264.429,,,,,,,,,,,
4,45,20.4,177698.33,2500798.345,0.025,212.66,264.617,,,,,,,,,,,
4,45,20.6,177698.33,2500798.346,0.017,224.279,264.477,,,,,,,,,,,
4,45,20.8,177698.33,2500798.346,0.011,267.766,264.648,,,,,,,,,,,
4,45,21,177698.33,2500798.346,0.003,0,264.656,,,,,,,,,,,
4,45,21.2,177698.3301,2500798.346,0.014,16.142,264.571,,,,,,,,,,,
4,45,21.4,177698.3301,2500798.346,0.021,7.093,264.643,,,,,,,,,,,
4,45,21.6,177698.3301,2500798.346,0.013,19.621,264.62,,,,,,,,,,,
4,45,21.8,177698.3301,2500798.346,0.012,12.204,264.74,,,,,,,,,,,
4,45,22,177698.3301,2500798.346,0.009,0,264.565,,,,,,,,,,,
4,45,22.2,177698.3302,2500798.346,0.01,108.245,264.698,,,,,,,,,,,
4,45,22.4,177698.3302,2500798.346,0.007,0,264.653,,,,,,,,,,,
4,45,22.6,177698.3302,2500798.346,0.012,186.924,264.869,,,,,,,,,,,
4,45,22.8,177698.3303,2500798.346,0.014,218.644,264.628,,,,,,,,,,,
4,45,23,177698.3303,2500798.346,0.033,200.823,264.842,,,,,,,,,,,
4,45,23.2,177698.3303,2500798.346,0.04,188.37,264.816,,,,,,,,,,,
4,45,23.4,177698.3303,2500798.347,0.046,181.842,264.678,,,,,,,,,,,
4,45,23.6,177698.3304,2500798.347,0.048,181.269,264.845,,,,,,,,,,,
4,45,23.8,177698.3304,2500798.347,0.037,170.062,264.779,,,,,,,,,,,
4,45,24,177698.3304,2500798.347,0.022,151.557,264.846,,,,,,,,,,,
4,45,24.2,177698.3304,2500798.347,0.023,175.478,264.939,,,,,,,,,,,
4,45,24.4,177698.3305,2500798.347,0.014,186.333,264.651,,,,,,,,,,,
4,45,24.6,177698.3305,2500798.347,0.01,195.178,264.864,,,,,,,,,,,
4,45,24.8,177698.3305,2500798.347,0.005,0,264.859,,,,,,,,,,,
4,45,25,177698.3306,2500798.347,0.005,0,264.789,,,,,,,,,,,
4,45,25.2,177698.3306,2500798.347,0.003,0,264.815,,,,,,,,,,,
4,45,25.4,177698.3306,2500798.347,0.027,19.878,265.035,,,,,,,,,,,
4,45,25.6,177698.3307,2500798.347,0.015,7.797,264.821,,,,,,,,,,,
4,45,25.8,177698.3307,2500798.347,0.018,351.462,264.918,,,,,,,,,,,
4,45,26,177698.3307,2500798.347,0.021,343.849,264.835,,,,,,,,,,,
4,45,26.2,177698.3308,2500798.347,0.008,0,264.774,,,,,,,,,,,
4,45,26.4,177698.3308,2500798.347,0.007,0,264.747,,,,,,,,,,,
4,45,26.6,177698.3309,2500798.347,0.008,0,264.794,,,,,,,,,,,
4,45,26.8,177698.3309,2500798.348,0.023,187.376,264.637,,,,,,,,,,,
4,45,27,177698.3309,2500798.348,0.027,196.407,264.744,,,,,,,,,,,
4,45,27.2,177698.331,2500798.348,0.028,184.208,264.919,,,,,,,,,,,
4,45,27.4,177698.331,2500798.348,0.027,179.677,264.86,,,,,,,,,,,
4,45,27.6,177698.331,2500798.348,0.016,168.285,264.857,,,,,,,,,,,
4,45,27.8,177698.3311,2500798.348,0.017,148.613,264.765,,,,,,,,,,,
4,45,28,177698.3311,2500798.348,0.008,0,264.977,,,,,,,,,,,
4,45,28.2,177698.3311,2500798.348,0.013,345.562,264.946,,,,,,,,,,,
4,45,28.4,177698.3312,2500798.348,0.011,329.892,264.801,,,,,,,,,,,
4,45,28.6,177698.3312,2500798.348,0.02,325.987,264.873,,,,,,,,,,,
4,45,28.8,177698.3313,2500798.348,0.017,342.993,264.671,,,,,,,,,,,
4,45,29,177698.3313,2500798.348,0.017,358.126,264.712,,,,,,,,,,,
4,45,29.2,177698.3314,2500798.348,0.015,335.575,264.68,,,,,,,,,,,
4,45,29.4,177698.3314,2500798.348,0.019,359.361,264.833,,,,,,,,,,,
4,45,29.6,177698.3314,2500798.348,0.02,356.742,264.755,,,,,,,,,,,
4,45,29.8,177698.3315,2500798.348,0.008,0,264.613,,,,,,,,,,,
4,45,30,177698.3315,2500798.348,0.006,0,264.736,,,,,,,,,,,
4,45,30.2,177698.3315,2500798.348,0.006,0,264.566,,,,,,,,,,,
4,45,30.4,177698.3316,2500798.349,0.012,19.782,264.608,,,,,,,,,,,
4,45,30.6,177698.3316,2500798.349,0.01,0,264.439,,,,,,,,,,,
4,45,30.8,177698.3317,2500798.349,0.013,238.021,264.703,,,,,,,,,,,
4,45,31,177698.3317,2500798.349,0.02,246.392,264.54,,,,,,,,,,,
4,45,31.2,177698.3317,2500798.349,0.022,222.575,264.901,,,,,,,,,,,
4,45,31.4,177698.3318,2500798.349,0.011,232.004,264.878,,,,,,,,,,,
4,45,31.6,177698.3318,2500798.349,0.018,215.118,264.971,,,,,,,,,,,
4,45,31.8,177698.3318,2500798.349,0.007,0,264.888,,,,,,,,,,,
4,45,32,177698.3319,2500798.349,0.016,236.089,264.897,,,,,,,,,,,
4,45,32.2,177698.3319,2500798.349,0.016,183.543,264.707,,,,,,,,,,,
4,45,32.4,177698.3319,2500798.349,0.007,0,264.784,,,,,,,,,,,
4,45,32.6,177698.332,2500798.349,0.018,345.814,264.835,,,,,,,,,,,
4,45,32.8,177698.332,2500798.349,0.021,14.442,264.772,,,,,,,,,,,
4,45,33,177698.332,2500798.349,0.035,359.029,264.845,,,,,,,,,,,
4,45,33.2,177698.3321,2500798.349,0.032,350.755,264.685,,,,,,,,,,,
4,45,33.4,177698.3321,2500798.349,0.028,324.047,264.875,,,,,,,,,,,
4,45,33.6,177698.3321,2500798.35,0.043,320.164,264.947,,,,,,,,,,,
4,45,33.8,177698.3322,2500798.35,0.025,315.121,264.856,,,,,,,,,,,
4,45,34,177698.3322,2500798.35,0.018,305.452,265.075,,,,,,,,,,,
4,45,34.2,177698.3322,2500798.35,0.007,0,264.937,,,,,,,,,,,
4,45,34.4,177698.3322,2500798.35,0.018,197.497,265.026,,,,,,,,,,,
4,45,34.6,177698.3322,2500798.35,0.023,210.003,264.882,,,,,,,,,,,
4,45,34.8,177698.3322,2500798.35,0.023,187.842,264.947,,,,,,,,,,,
4,45,35,177698.3323,2500798.35,0.022,145.556,264.826,,,,,,,,,,,
4,45,35.2,177698.3323,2500798.35,0.02,151.939,264.909,,,,,,,,,,,
4,45,35.4,177698.3323,2500798.35,0.026,165.794,264.896,,,,,,,,,,,
4,45,35.6,177698.3323,2500798.35,0.024,180.266,264.845,,,,,,,,,,,
4,45,35.8,177698.3324,2500798.35,0.011,196.365,264.853,,,,,,,,,,,
4,45,36,177698.3324,2500798.35,0.012,210.279,264.525,,,,,,,,,,,
4,45,36.2,177698.3324,2500798.351,0.019,309.58,265,,,,,,,,,,,
4,45,36.4,177698.3324,2500798.351,0.028,354.88,264.729,,,,,,,,,,,
4,45,36.6,177698.3325,2500798.351,0.032,349.29,264.91,,,,,,,,,,,
4,45,36.8,177698.3325,2500798.351,0.039,338.715,264.926,,,,,,,,,,,
4,45,37,177698.3325,2500798.351,0.027,352.854,264.953,,,,,,,,,,,
4,45,37.2,177698.3326,2500798.351,0.03,344.962,264.938,,,,,,,,,,,
4,45,37.4,177698.3326,2500798.351,0.021,340.753,264.79,,,,,,,,,,,
4,45,37.6,177698.3326,2500798.351,0.014,324.894,264.803,,,,,,,,,,,
4,45,37.8,177698.3326,2500798.351,0.014,295.532,264.73,,,,,,,,,,,
4,45,38,177698.3327,2500798.351,0.002,0,264.755,,,,,,,,,,,
4,45,38.2,177698.3327,2500798.351,0.005,0,264.641,,,,,,,,,,,
4,45,38.4,177698.3327,2500798.352,0.003,0,264.677,,,,,,,,,,,
4,45,38.6,177698.3327,2500798.352,0.007,0,264.762,,,,,,,,,,,
4,45,38.8,177698.3327,2500798.352,0.018,162.355,264.851,,,,,,,,,,,
4,45,39,177698.3328,2500798.352,0.008,0,264.648,,,,,,,,,,,
4,45,39.2,177698.3328,2500798.352,0.015,148.398,264.735,,,,,,,,,,,
4,45,39.4,177698.3328,2500798.352,0.001,0,264.847,,,,,,,,,,,
4,45,39.6,177698.3328,2500798.352,0.003,0,264.633,,,,,,,,,,,
4,45,39.8,177698.3329,2500798.352,0.006,0,264.714,,,,,,,,,,,
4,45,40,177698.3329,2500798.352,0.008,0,264.539,,,,,,,,,,,
4,45,40.2,177698.3329,2500798.352,0.001,0,264.917,,,,,,,,,,,
4,45,40.4,177698.3329,2500798.352,0.015,307.864,264.963,,,,,,,,,,,
4,45,40.6,177698.333,2500798.352,0.007,0,264.763,,,,,,,,,,,
4,45,40.8,177698.333,2500798.353,0.004,0,264.721,,,,,,,,,,,
4,45,41,177698.333,2500798.353,0.009,0,264.732,,,,,,,,,,,
4,45,41.2,177698.333,2500798.353,0.014,290.92,264.711,,,,,,,,,,,
4,45,41.4,177698.333,2500798.353,0.008,0,264.585,,,,,,,,,,,
4,45,41.6,177698.3331,2500798.353,0.008,0,264.589,,,,,,,,,,,
4,45,41.8,177698.3331,2500798.353,0.007,0,264.596,,,,,,,,,,,
4,45,42,177698.3331,2500798.353,0.018,62.659,264.655,,,,,,,,,,,
4,45,42.2,177698.3331,2500798.353,0.014,93.165,264.515,,,,,,,,,,,
4,45,42.4,177698.3331,2500798.353,0.02,82.681,264.601,,,,,,,,,,,
4,45,42.6,177698.3332,2500798.353,0.01,0,264.707,,,,,,,,,,,
4,45,42.8,177698.3332,2500798.353,0.007,0,264.463,,,,,,,,,,,
4,45,43,177698.3332,2500798.354,0.019,184.47,264.482,,,,,,,,,,,
4,45,43.2,177698.3332,2500798.354,0.027,208.809,264.491,,,,,,,,,,,
4,45,43.4,177698.3333,2500798.354,0.019,211.962,264.721,,,,,,,,,,,
4,45,43.6,177698.3333,2500798.354,0.01,234.711,264.445,,,,,,,,,,,
4,45,43.8,177698.3333,2500798.354,0.006,0,264.497,,,,,,,,,,,
4,45,44,177698.3334,2500798.354,0.005,0,264.531,,,,,,,,,,,
4,45,44.2,177698.3334,2500798.354,0.004,0,264.566,,,,,,,,,,,
4,45,44.4,177698.3334,2500798.354,0.008,0,264.645,,,,,,,,,,,
4,45,44.6,177698.3334,2500798.354,0.01,298.55,264.38,,,,,,,,,,,
4,45,44.8,177698.3335,2500798.354,0.007,0,264.654,,,,,,,,,,,
4,45,45,177698.3335,2500798.354,0.011,241.837,264.374,,,,,,,,,,,
